"","quality","fixed.acidity","volatile.acidity","citric.acid","residual.sugar","alcohol","pH","calidad_BM"
"1",5,7.4,0.7,0,1.9,9.4,3.5,"1"
"2",5,7.8,0.506631648063034,0,2.6,9.8,3.2,"1"
"3",5,7.8,0.8,0,2.3,9.8,3.3,"1"
"4",6,11.2,0.3,0.6,1.9,9.8,3.2,"1"
"5",5,7.4,0.7,0,1.9,9.4,3.5,"1"
"6",5,7.4,0.7,0,1.8,9.4,3.5,"1"
"7",5,7.9,0.6,0.1,1.6,9.4,3.3,"1"
"8",7,7.3,0.7,0,1.2,10,3.4,"1"
"9",7,7.8,0.6,0,2,9.5,3.4,"1"
"10",5,7.5,0.5,0.4,2.13642908567315,10.5,3.4,"1"
"11",5,6.7,0.6,0.1,1.8,9.2,3.3,"1"
"12",5,7.5,0.5,0.4,2.13642908567315,10.5,3.4,"1"
"13",5,5.6,0.6,0,1.6,9.9,3.6,"1"
"14",5,7.8,0.6,0.3,1.6,9.1,3.3,"1"
"15",5,8.9,0.6,0.2,2.13642908567315,9.2,3.2,"1"
"16",5,8.9,0.6,0.2,2.13642908567315,9.2,3.2,"1"
"17",7,8.5,0.3,0.6,1.8,10.5,3.3,"1"
"18",5,8.1,0.6,0.3,1.7,9.3,3.1,"1"
"19",4,7.4,0.6,0.1,2.13642908567315,9,3.4,"0"
"20",6,7.9,0.3,0.5,1.8,9.2,3,"1"
"21",6,8.9,0.2,0.5,1.8,9.4,3.4,"1"
"22",5,7.6,0.4,0.3,2.3,9.7,3.5,"1"
"23",5,7.9,0.4,0.2,1.6,9.5,3.2,"1"
"24",5,8.5,0.5,0.1,2.3,9.4,3.2,"1"
"25",6,6.9,0.4,0.1,2.4,9.7,3.4,"1"
"26",5,6.3,0.4,0.2,1.4,9.3,3.3,"1"
"27",5,7.6,0.4,0.2,1.8,9.5,3.3,"1"
"28",5,7.9,0.4,0.2,1.6,9.5,3.2,"1"
"29",5,7.1,0.7,0,1.9,9.4,3.5,"1"
"30",6,7.8,0.6,0,2,9.8,3.4,"1"
"31",5,6.7,0.7,0.1,2.4,10.1,3.4,"1"
"32",6,6.9,0.7,0,2.5,10.6,3.5,"1"
"33",5,8.3,0.7,0.1,2.3,9.8,3.2,"1"
"34",6,6.9,0.6,0.1,2.13642908567315,9.4,3.5,"1"
"35",5,5.2,0.3,0.2,1.8,9.2,3.4,"1"
"36",6,7.8,0.6,0,2.13642908567315,9.6,3.4,"1"
"37",6,7.8,0.6,0.1,2.4,10.8,3.4,"1"
"38",7,8.1,0.4,0.3,2.1,9.7,3.2,"1"
"39",4,5.7,0.506631648063034,0.1,1.5,9.8,3.5,"0"
"40",5,7.3,0.4,0.4,2.13642908567315,10.5,3.3,"1"
"41",5,7.3,0.4,0.4,2.13642908567315,10.5,3.3,"1"
"42",4,8.8,0.6,0.3,2.8,9.3,3.3,"0"
"43",6,7.5,0.5,0.2,2.6,10.5,3.2,"1"
"44",5,8.1,0.7,0.2,2.2,10.3,3.3,"1"
"45",5,6.8,0.7,0,1.8,9.5,3.5,"1"
"46",4,4.6,0.5,0.1,2.1,13.1,3.30847896440129,"0"
"47",5,7.7,0.506631648063034,0.4,2.2,9.2,3.2,"1"
"48",5,8.7,0.3,0.5,1.6,9.5,3.2,"1"
"49",5,6.4,0.4,0.2,1.6,9.2,3.3,"1"
"50",5,5.6,0.3,0.4,1.4,9.2,3.3,"1"
"51",5,8.8,0.7,0.3,1.7,9.2,3.1,"1"
"52",6,6.6,0.5,0,2.2,9.4,3.4,"1"
"53",6,6.6,0.5,0,2.1,9.4,3.4,"1"
"54",5,8.6,0.4,0.4,3,9.4,3.2,"1"
"55",6,7.6,0.5,0.1,2.8,10.2,3.2,"1"
"56",5,7.7,0.6,0,2.13642908567315,9.5,3.3,"1"
"57",5,10.2,0.4,0.6,2.13642908567315,9.6,3,"1"
"58",5,7.5,0.6,0.1,2.13642908567315,9.4,3.3,"1"
"59",5,7.8,0.6,0.2,2.3,10,3.4,"1"
"60",6,7.3,0.4,0.3,2.4,9.4,3.4,"1"
"61",5,8.8,0.4,0.4,2.2,9.2,3.4,"1"
"62",5,7.7,0.7,0.5,1.8,9.3,3.2,"1"
"63",7,7.5,0.5,0.2,1.9,9.5,3.4,"1"
"64",5,7,0.7,0,2,9.8,3.4,"1"
"65",5,7.2,0.7,0,2.13642908567315,10.9,3.4,"1"
"66",5,7.2,0.7,0,2.13642908567315,10.9,3.4,"1"
"67",5,7.5,0.5,0.1,1.5,9.6,3.4,"1"
"68",5,6.6,0.7,0.1,1.6,10.7,3.4,"1"
"69",5,9.3,0.3,0.6,2,10.7,3.3,"1"
"70",6,8,0.7,0,1.9,10.5,3.3,"1"
"71",6,7.7,0.6,0.1,1.9,9.5,3.3,"1"
"72",5,7.7,0.7,0.2,2.1,9.5,3.3,"1"
"73",5,7.7,0.7,0.2,1.9,9.5,3.3,"1"
"74",4,8.3,0.7,0.3,2.1,9.2,3.3,"0"
"75",5,9.7,0.3,0.5,2.5,9.6,3.3,"1"
"76",5,8.8,0.4,0.6,2.2,10.5,3.5,"1"
"77",5,8.8,0.4,0.6,2.2,10.5,3.5,"1"
"78",6,6.8,0.8,0,2.4,10.7,3.5,"1"
"79",5,6.7,0.8,0.1,2,10.1,3.4,"1"
"80",4,8.3,0.6,0.2,1.5,9.1,3.2,"0"
"81",5,6.2,0.4,0.2,1.6,9.2,3.4,"1"
"82",5,7.8,0.4,0.7,1.9,9.4,3.1,"1"
"83",5,7.4,0.5,0.5,2,9.1,3.4,"1"
"84",5,7.3,0.7,0.3,1.8,9.4,3.2,"1"
"85",6,6.3,0.3,0.5,1.8,10.3,3.4,"1"
"86",5,6.9,0.6,0.1,2.2,10.1,3.4,"1"
"87",6,8.6,0.5,0.3,1.9,9.9,3.30847896440129,"1"
"88",5,7.7,0.5,0.3,1.9,9.6,3.4,"1"
"89",5,9.3,0.4,0.4,2.1,9.5,3.1,"1"
"90",5,7,0.6,0.1,1.8,9,3.5,"1"
"91",5,7.9,0.5,0.3,1.9,9.5,3.2,"1"
"92",6,8.6,0.5,0.3,1.9,9.9,3.30847896440129,"1"
"93",5,8.6,0.5,0.3,2,9.8,3.30847896440129,"1"
"94",5,7.7,0.5,0.3,1.9,9.6,3.4,"1"
"95",4,5,0.506631648063034,0,1.4,10.5,3.30847896440129,"0"
"96",6,4.7,0.6,0.2,2.3,12.9,3.30847896440129,"1"
"97",5,6.8,0.8,0,3,10.7,3.5,"1"
"98",5,7,0.5,0.2,2,9.2,3.2,"1"
"99",5,7.6,0.506631648063034,0.1,2.5,9.8,3.4,"1"
"100",6,8.1,0.5,0.2,1.9,9,3.3,"1"
"101",6,8.3,0.6,0.3,2.1,10.2,3.4,"1"
"102",6,7.8,0.5,0.3,1.9,10.4,3.3,"1"
"103",6,8.1,0.5,0.2,1.9,9,3.3,"1"
"104",5,8.1,0.6,0.2,2.1,9.2,3.3,"1"
"105",5,7.2,0.5,0.2,2.2,9.4,3.3,"1"
"106",5,8.1,0.6,0.2,2.1,9.2,3.3,"1"
"107",5,7.8,0.4,0.7,1.7,9.3,3.1,"1"
"108",5,6.2,0.6,0.3,1.7,9.3,3.5,"1"
"109",6,8,0.3,0.5,2.5,9.6,3.4,"1"
"110",5,8.1,0.8,0.5,2,9.3,3.2,"1"
"111",5,7.8,0.6,0.2,1.8,9.5,3.2,"1"
"112",5,8.4,0.6,0.1,2.2,9.8,3.1,"1"
"113",5,8.4,0.6,0.1,2.2,9.8,3.1,"1"
"114",6,10.1,0.3,0.4,2.3,9.7,3.3,"1"
"115",5,7.8,0.6,0.2,1.8,9.5,3.2,"1"
"116",6,9.4,0.4,0.3,2.2,10.5,3.1,"1"
"117",6,8.3,0.5,0.3,1.9,10,3.4,"1"
"118",6,7.8,0.6,0.1,2,9.4,3.4,"1"
"119",6,8.8,0.6,0,2.2,10.9,3.2,"1"
"120",6,7,0.7,0.1,1.8,9.2,3.3,"1"
"121",5,7.3,0.506631648063034,0.1,1.7,9,3.3,"1"
"122",6,8.8,0.6,0,2.2,10.9,3.2,"1"
"123",5,7.3,0.7,0,2.5,9.2,3.5,"1"
"124",5,8,0.7,0,2.6,9.5,3.4,"1"
"125",5,7.8,0.5,0.2,1.6,9.5,3.4,"1"
"126",5,9,0.6,0,1.9,9.4,3.2,"1"
"127",5,8.2,0.506631648063034,0,1.7,10.9,3.5,"1"
"128",5,8.1,0.506631648063034,0,1.8,10.9,3.5,"1"
"129",7,8,0.6,0.2,1.8,10.5,3.4,"1"
"130",5,6.1,0.4,0.1,1.8,9.4,3.4,"1"
"131",5,8,0.7,0.6,2,9.4,3.2,"1"
"132",5,5.6,0.5,0.1,2.3,13,3.6,"1"
"133",5,5.6,0.5,0.1,2.3,13,3.6,"1"
"134",6,6.6,0.5,0,1.5,9.8,3.4,"1"
"135",6,7.9,0.506631648063034,0,2.2,9.9,3.2,"1"
"136",5,8.4,0.7,0.1,1.9,9.6,3.2,"1"
"137",5,8.3,0.7,0.1,1.8,9.5,3.2,"1"
"138",5,7.2,0.4,0.4,2,9.2,3.5,"1"
"139",5,7.8,0.6,0.2,2.1,9.5,3.3,"1"
"140",5,7.8,0.6,0.2,2,9.5,3.3,"1"
"141",5,8.4,0.7,0.1,1.9,9.6,3.2,"1"
"142",5,8.3,0.7,0.1,1.8,9.5,3.2,"1"
"143",6,5.2,0.3,0,1.8,10.3794676806084,3.30847896440129,"1"
"144",5,6.3,0.4,0.1,1.7,9.4,3.3,"1"
"145",6,5.2,0.3,0,1.8,10.3794676806084,3.30847896440129,"1"
"146",5,8.1,0.7,0.6,1.8,9.4,3.2,"1"
"147",5,5.8,0.7,0,1.8,10,3.5,"1"
"148",5,7.6,0.5,0.3,1.6,9.3,3.1,"1"
"149",6,6.9,0.5,0.1,2.3,10.2,3.4,"1"
"150",6,8.2,0.4,0.4,2.8,10.5,3.5,"1"
"151",6,7.3,0.3,0.5,2.1,10.3,3.3,"1"
"152",4,9.2,0.5,0.265957446808511,2.13642908567315,9.4,3.30847896440129,"0"
"153",5,7.5,0.6,0,1.8,10.1,3.4,"1"
"154",5,7.5,0.6,0,1.8,10.1,3.4,"1"
"155",5,7.1,0.4,0.4,2.13642908567315,10.5,3.4,"1"
"156",5,7.1,0.4,0.4,2.13642908567315,10.5,3.4,"1"
"157",5,7.1,0.4,0.4,2.13642908567315,10.5,3.4,"1"
"158",5,7.1,0.4,0.4,2.13642908567315,10.5,3.4,"1"
"159",5,7.1,0.7,0,2.2,9.3,3.5,"1"
"160",6,6.8,0.6,0.2,1.9,9.3,3.6,"1"
"161",5,7.6,0.506631648063034,0,2,9.6,3.2,"1"
"162",4,7.6,0.7,0,1.3,9.2,3.2,"0"
"163",6,7.8,0.5,0,1.7,10,3.3,"1"
"164",5,7.4,0.6,0.3,2.13642908567315,9.4,3.4,"1"
"165",5,7.3,0.6,0.3,2.13642908567315,9.4,3.4,"1"
"166",5,7.8,0.6,0.5,1.7,9.5,3.2,"1"
"167",5,6.8,0.6,0.1,2.1,10.2,3.3,"1"
"168",4,7.3,0.6,0,1.6,9,3.4,"0"
"169",6,6.8,0.6,0.1,2.1,10.4,3.5,"1"
"170",5,7.5,0.7,0.2,1.8,9.5,3,"1"
"171",4,7.9,0.506631648063034,0,1.8,9.1,3.4,"0"
"172",6,8,0.4,0.2,2,9.2,3.3,"1"
"173",6,8,0.4,0.2,2,9.2,3.3,"1"
"174",6,7.4,0.6,0,1.9,11.5,3.4,"1"
"175",5,7.3,0.4,0.2,2,9.5,3.3,"1"
"176",5,6.9,0.5,0,1.5,9.5,3.4,"1"
"177",5,7.3,0.4,0.2,2,9.5,3.3,"1"
"178",6,7.5,0.5,0.4,2.3,10.5,3.6,"1"
"179",5,7,0.8,0,2.5,9.6,3.5,"1"
"180",5,8.8,0.6,0.1,2.4,9.5,3.2,"1"
"181",5,8.8,0.6,0.1,2.4,9.5,3.2,"1"
"182",5,8.9,0.6,0.5,2,9.3,3.1,"1"
"183",5,7.2,0.7,0,2.5,9.3,3.4,"1"
"184",5,6.8,0.6,0.2,1.8,9.3,3.5,"1"
"185",6,6.7,0.6,0.2,1.9,9.3,3.5,"1"
"186",5,8.9,0.3,0.6,2,9.7,3.3,"1"
"187",5,7.4,0.4,0.5,2,9.2,3.3,"1"
"188",5,7.7,0.7,0.1,2.6,9.7,3.4,"1"
"189",5,7.9,0.5,0.3,2,9.5,3.2,"1"
"190",5,7.9,0.5,0.3,1.9,9.5,3.2,"1"
"191",5,8.2,0.5,0.3,2.9,9.4,3.2,"1"
"192",6,6.4,0.4,0.2,1.9,9.8,3.6,"1"
"193",5,6.8,0.6,0.1,2.13642908567315,9.5,3.3,"1"
"194",5,7.6,0.6,0.2,2.2,9.7,3.3,"1"
"195",5,7.6,0.6,0.2,2.2,9.7,3.3,"1"
"196",5,7.8,0.6,0.3,2,9.4,3.2,"1"
"197",5,7.3,0.6,0.3,2.4,10.2,3.5,"1"
"198",6,11.5,0.3,0.6,2,10.1,3.1,"1"
"199",7,5.4,0.8,0.1,1.2,13,3.6,"1"
"200",4,6.9,0.506631648063034,0.1,2.1,11.4,3.5,"0"
"201",7,9.6,0.3,0.5,1.4,10.3,3.2,"1"
"202",5,8.8,0.4,0.5,2.1,9.3,3,"1"
"203",5,6.8,0.5,0.1,1.5,9.5,3.4,"1"
"204",5,7,0.4,0.3,1.6,9.2,3.3,"1"
"205",6,7,0.4,0.4,1.6,9.2,3.3,"1"
"206",7,8.08862590401052,0.3,0.7,2.6,10.8,3.2,"1"
"207",7,8.08862590401052,0.3,0.7,2.6,10.8,3.2,"1"
"208",5,7.8,0.6,0.3,1.8,9.3,3.3,"1"
"209",5,7.8,0.4,0.3,2.7,9.4,3.2,"1"
"210",7,11,0.3,0.6,2.1,10.5,3.3,"1"
"211",6,9.7,0.5,0.6,2,12.4,3.3,"1"
"212",6,8,0.7,0.2,2.8,10,3.4,"1"
"213",6,11.6,0.4,0.6,2.1,10.2,3.2,"1"
"214",5,8.2,0.6,0.3,2.2,10.1,3.3,"1"
"215",6,7.8,0.7,0.1,2.4,9.8,3.2,"1"
"216",5,7,0.5,0.5,2.13642908567315,10.5,3.3,"1"
"217",5,8.7,0.6,0.2,2,11,3.1,"1"
"218",5,8.1,0.7,0.2,2.2,9.1,3.4,"1"
"219",5,7.5,0.5,0.2,1.9,9.7,3.4,"1"
"220",5,7.8,0.5,0.3,2.4,9.5,3.3,"1"
"221",6,7.8,0.3,0.4,2,9.4,3.3,"1"
"222",5,7.4,0.5,0.3,2,9.4,3.1,"1"
"223",5,6.8,0.6,0,1.5,9.5,3.4,"1"
"224",6,8.6,0.6,0.2,2,10,3.3,"1"
"225",4,8.4,0.6,0.4,2,10.4,3.3,"0"
"226",6,7.7,0.4,0.2,2.6,10.5,3.4,"1"
"227",6,8.9,0.6,0.5,2,9.5,3,"1"
"228",5,9,0.8,0.1,2.6,9.8,3.4,"1"
"229",6,7.7,0.4,0.2,2.6,10.5,3.4,"1"
"230",5,6.9,0.5,0.2,2.6,11,3.5,"1"
"231",7,5.2,0.5,0,1.6,12.2,3.5,"1"
"232",6,8,0.4,0.1,1.8,9.9,3.4,"1"
"233",6,8.5,0.4,0.2,2.8,9.6,3.3,"1"
"234",5,6.9,0.5,0.2,2.6,11,3.5,"1"
"235",6,8.2,0.506631648063034,0.1,2.3,9,3.3,"1"
"236",6,7.2,0.6,0,1.9,9,3.4,"1"
"237",6,7.2,0.6,0,1.9,9,3.4,"1"
"238",6,7.2,0.6,0,1.9,9.2,3.4,"1"
"239",6,7.2,0.6,0,1.9,9,3.4,"1"
"240",6,8.2,0.506631648063034,0.1,2.3,9,3.3,"1"
"241",5,8.9,0.6,0.4,1.7,9.3,3,"1"
"242",6,8.08862590401052,0.4,0.6,2.1,10.9,3.1,"1"
"243",6,7.7,0.6,0.1,1.8,9.8,3.1,"1"
"244",7,8.08862590401052,0.2,0.4,2.2,9.2,3.1,"1"
"245",7,8.08862590401052,0.2,0.4,2.2,9.2,3.1,"1"
"246",6,7.3,0.7,0,2,9.9,3.6,"1"
"247",5,7.1,0.7,0.1,1.9,9.5,3.4,"1"
"248",5,8.2,0.6,0.2,2.3,9.3,3.2,"1"
"249",6,7.7,0.5,0.1,1.7,9.8,3.4,"1"
"250",6,7.3,0.7,0,2,9.9,3.6,"1"
"251",6,10.8,0.3,0.4,1.6,10,3.2,"1"
"252",6,7.1,0.6,0,1.8,9.9,3.5,"1"
"253",5,11.1,0.3,0.5,3.1,10.5,3.2,"1"
"254",5,7.7,0.8,0.4,1.9,9.5,3.2,"1"
"255",6,7.1,0.6,0,1.8,9.9,3.5,"1"
"256",5,8,0.6,0.2,2.13642908567315,9.3,3.3,"1"
"257",5,9.4,0.3,0.4,2.2,9.2,3.2,"1"
"258",5,6.6,0.7,0,2.1,9.2,3.5,"1"
"259",5,7.7,0.4,0.8,1.8,9.4,3.1,"1"
"260",7,10,0.3,0.5,2.6,10.5,3.4,"1"
"261",5,7.9,0.3,0.2,1.7,9.3,3.3,"1"
"262",4,7,0.506631648063034,0,2,9.4,3.4,"0"
"263",5,8,0.5,0,1.7,10,3.3,"1"
"264",5,7.9,0.4,0.2,1.8,9.3,3.3,"1"
"265",5,8.08862590401052,0.6,0.5,2.4,10.9,3.1,"1"
"266",7,11.8,0.3,0.5,1.8,10.2,3.2,"1"
"267",4,8.1,0.506631648063034,0,2.13642908567315,9.8,3.6,"0"
"268",8,7.9,0.3,0.5,2.13642908567315,12.8,3.4,"1"
"269",6,6.9,0.5,0,3,9.4,3.30847896440129,"1"
"270",6,11.5,0.2,0.5,2.13642908567315,10.1,3.3,"1"
"271",6,7.9,0.5,0.1,2.13642908567315,10.7,3.4,"1"
"272",6,11.5,0.2,0.5,2.13642908567315,10.1,3.3,"1"
"273",5,10.9,0.4,0.6,2.13642908567315,10.1,3.2,"1"
"274",5,8.4,0.7,0.2,2.4,9.4,3.3,"1"
"275",5,7.5,0.7,0.2,2.13642908567315,9.4,3.4,"1"
"276",6,7.9,0.5,0.1,2.13642908567315,10.7,3.4,"1"
"277",6,6.9,0.5,0,3,9.4,3.30847896440129,"1"
"278",6,11.5,0.2,0.5,2.13642908567315,10.1,3.3,"1"
"279",8,10.3,0.3,0.4,2.13642908567315,12.6,3.2,"1"
"280",7,8.9,0.4,0.3,2.13642908567315,10.5,3.4,"1"
"281",6,11.4,0.3,0.4,2.13642908567315,9.3,3.1,"1"
"282",7,7.7,0.3,0.7,2.13642908567315,9.9,3.2,"1"
"283",5,7.6,0.5,0.1,3,9.1,3.4,"1"
"284",7,8.9,0.4,0.3,2.13642908567315,10.5,3.4,"1"
"285",5,9.9,0.6,0.1,2.13642908567315,9.8,3.3,"1"
"286",5,9.9,0.6,0.1,2.13642908567315,9.8,3.3,"1"
"287",6,8.08862590401052,0.4,0.6,2,10.3,3.1,"1"
"288",6,7.5,0.4,0.1,3,10.3,3.4,"1"
"289",7,8.7,0.5,0.1,2.5,10.6,3.3,"1"
"290",5,11.6,0.4,0.5,2.13642908567315,9.2,3.2,"1"
"291",7,8.7,0.5,0.1,2.5,10.6,3.3,"1"
"292",5,11,0.2,0.5,2,10.5,3.3,"1"
"293",6,10.4,0.6,0.2,2.7,10.3,3.2,"1"
"294",6,6.9,0.4,0.2,2.4,10.1,3.4,"1"
"295",6,8.08862590401052,0.3,0.5,2.13642908567315,9.5,3,"1"
"296",5,10.8,0.5,0.5,2.5,9.5,3,"1"
"297",5,10.6,0.8,0.4,2.6,9.9,3.2,"1"
"298",5,7.1,0.6,0.1,2,9.6,3.30847896440129,"1"
"299",5,7.2,0.7,0,2.3,9.7,3.30847896440129,"1"
"300",5,6.9,0.7,0.1,2.1,9.6,3.30847896440129,"1"
"301",6,7.5,0.5,0.1,2.6,10.7,3.4,"1"
"302",6,11.1,0.2,0.5,1.5,10.1,3.2,"1"
"303",5,8.3,0.7,0.1,2.6,10,3.5,"1"
"304",5,7.4,0.7,0.1,1.6,9.5,3.4,"1"
"305",5,8.4,0.7,0.6,2.1,9.2,3.2,"1"
"306",6,10.3,0.5,0.5,2.5,9.3,3.1,"1"
"307",5,7.6,0.6,0.3,2.2,9.4,3.4,"1"
"308",6,10.3,0.4,0.4,2.4,9.5,3.2,"1"
"309",6,10.3,0.4,0.4,2.4,9.5,3.2,"1"
"310",6,7.4,0.3,0.4,1.7,9.5,3.4,"1"
"311",6,10.3,0.5,0.5,2.5,9.3,3.1,"1"
"312",6,7.9,0.5,0.2,2,9.4,3.3,"1"
"313",6,9,0.5,0.3,2.8,9.5,3.3,"1"
"314",5,8.6,0.5,0.3,3,9.4,3.3,"1"
"315",5,7.4,0.4,0.3,2.6,11,3.4,"1"
"316",6,7.1,0.3,0.3,2.5,11,3.4,"1"
"317",5,9.6,0.6,0.2,2.13642908567315,10.1,3.3,"1"
"318",6,9.6,0.8,0.1,2.9,10.4,3.3,"1"
"319",7,9.8,0.7,0.4,2.13642908567315,11.5,3.4,"1"
"320",6,9.6,0.8,0.1,2.9,10.4,3.3,"1"
"321",7,9.8,0.7,0.4,2.13642908567315,11.5,3.4,"1"
"322",5,9.3,0.6,0.3,2.13642908567315,9.7,3.2,"1"
"323",5,7.8,0.6,0,2.3,9.3,3.3,"1"
"324",6,10.3,0.6,0.4,2.8,9.5,3.3,"1"
"325",6,10,0.5,0.2,2.13642908567315,9.2,3.2,"1"
"326",6,10,0.5,0.2,2.13642908567315,9.2,3.2,"1"
"327",7,11.6,0.5,0.7,2.13642908567315,11.5,3,"1"
"328",5,10.3,0.4,0.5,2.13642908567315,11.5,3.3,"1"
"329",6,8.08862590401052,0.3,0.6,2.6,9.7,3.2,"1"
"330",5,10.7,0.5,0.4,2,9.5,3.2,"1"
"331",6,10.2,0.4,0.6,2.9,12.5,3.2,"1"
"332",6,10.2,0.4,0.6,2.9,12.5,3.2,"1"
"333",6,8,0.6,0.3,2.13642908567315,9.4,3.2,"1"
"334",5,8.4,0.6,0.1,2.1,11,3.1,"1"
"335",7,7.9,0.7,0,2.5,11.7,3.3,"1"
"336",7,8.08862590401052,0.7,0.5,2.13642908567315,12.2,3.2,"1"
"337",6,8.9,0.4,0.4,1.9,12.5,3.4,"1"
"338",5,7.8,0.4,0.3,2.8,10.3,3.3,"1"
"339",6,8.08862590401052,0.5,0.6,3,11.5,3.2,"1"
"340",7,8.08862590401052,0.3,0.5,2.3,9.8,3.1,"1"
"341",6,8.08862590401052,0.3,0.5,2.4,9.2,3.1,"1"
"342",6,10.6,0.4,0.5,2.7,11.3,3.2,"1"
"343",6,10.9,0.4,0.5,1.8,9.8,3.3,"1"
"344",6,10.9,0.4,0.5,1.8,9.8,3.3,"1"
"345",6,8.08862590401052,0.6,0.5,2.6,10.7,3.1,"1"
"346",5,7,0.7,0,1.9,9.9,3.6,"1"
"347",7,6.6,0.8,0,2.7,12.3,3.6,"1"
"348",6,8.08862590401052,0.5,0.7,3,12,3,"1"
"349",6,9.6,0.6,0.3,2.8,10,3.1,"1"
"350",6,9.1,0.8,0,2.6,9.4,3.4,"1"
"351",6,10.7,0.7,0.2,2.7,9.9,3.3,"1"
"352",6,9.1,0.8,0,2.6,9.4,3.4,"1"
"353",5,7.7,0.7,0,2.4,9.3,3.3,"1"
"354",5,8.08862590401052,0.5,0.8,2.13642908567315,13,3.2,"1"
"355",6,6.1,0.2,0.4,1.4,11.9,3.2,"1"
"356",6,6.7,0.8,0,2.4,12.8,3.5,"1"
"357",5,11.5,0.4,0.5,3,11,3.3,"1"
"358",7,10.5,0.4,0.7,3,11.7,3.2,"1"
"359",7,8.08862590401052,0.4,0.7,3.1,10.4,3.1,"1"
"360",6,8.08862590401052,0.4,0.7,2.6,9.8,3.2,"1"
"361",5,8.2,0.7,0.2,2,9.4,3.2,"1"
"362",6,8.6,0.4,0.3,2.6,9.9,3.4,"1"
"363",5,8.08862590401052,0.6,0.7,2.5,10,3,"1"
"364",5,8.08862590401052,0.5,0.6,2,10.2,3,"1"
"365",7,8.08862590401052,0.6,0.7,2.13642908567315,10,3.1,"1"
"366",6,10,0.4,0.5,2.13642908567315,11.8,3.3,"1"
"367",7,8.08862590401052,0.6,0.7,2.13642908567315,10,3.1,"1"
"368",5,10.4,0.6,0.6,2.6,9,3.2,"1"
"369",5,10.3,0.3,0.5,2.8,9.4,3.2,"1"
"370",7,9.4,0.3,0.5,2.4,12,3.2,"1"
"371",5,6.9,0.8,0,2.3,9.9,3.6,"1"
"372",6,7.9,0.2,0.4,1.6,8.7,3.3,"1"
"373",6,9.1,0.3,0.5,1.8,10.6,3.3,"1"
"374",5,7.4,0.6,0.2,2.2,9.2,3,"1"
"375",6,8.08862590401052,0.4,0.6,2.13642908567315,10.8,3,"1"
"376",7,11.5,0.5,0.7,2.13642908567315,11.8,3,"1"
"377",6,11.5,0.4,0.5,3,11,3.3,"1"
"378",7,9.4,0.3,0.5,2.4,12,3.2,"1"
"379",6,11.4,0.6,0.7,2.13642908567315,10.3794676806084,3.1,"1"
"380",6,8.3,0.4,0.4,2.5,10.8,3.3,"1"
"381",6,8.3,0.3,0.4,2,9.4,3.2,"1"
"382",6,8.08862590401052,0.4,0.7,2.9,10,3.1,"1"
"383",6,8.3,0.3,0.4,2,9.4,3.2,"1"
"384",6,8.3,0.3,0.4,2,9.4,3.2,"1"
"385",5,7.7,0.5,0.3,2.1,9.2,3.4,"1"
"386",6,7.4,0.6,0.1,2.4,9.7,3.4,"1"
"387",6,7.8,0.5,0.3,2,9.2,3.4,"1"
"388",6,8.3,0.7,0.1,1.9,9.6,3.3,"1"
"389",6,7.8,0.5,0.3,1.9,9.2,3.4,"1"
"390",7,9.6,0.4,0.3,2.5,10,3.2,"1"
"391",8,5.6,0.8,0,1.4,12.9,3.6,"1"
"392",6,8.08862590401052,0.4,0.7,2.9,10,3.1,"1"
"393",5,9.5,0.4,0.5,2,9.5,3.2,"1"
"394",5,8.4,0.7,0.6,2,9.1,3.2,"1"
"395",5,8.08862590401052,0.6,0.7,2.3,9.9,3,"1"
"396",7,8.08862590401052,0.4,0.8,2.13642908567315,13,3.2,"1"
"397",5,6.6,0.7,0,2.13642908567315,9.9,3.5,"1"
"398",6,11.5,0.6,0.6,2.6,11,3.2,"1"
"399",6,11.5,0.6,0.6,2.6,11,3.2,"1"
"400",5,8.7,0.8,0.2,2.3,9.4,3.1,"1"
"401",5,6.6,0.7,0,2.13642908567315,9.9,3.5,"1"
"402",6,7.7,0.3,0.3,1.7,10.8,3.3,"1"
"403",6,8.08862590401052,0.5,0.5,2.6,10.5,3.1,"1"
"404",6,11.4,0.6,0.5,2.7,10.5,3.1,"1"
"405",5,7.7,0.7,0,2.7,9.1,3.3,"1"
"406",6,8.7,0.3,0.5,1.4,10.1,3.4,"1"
"407",6,9.8,0.4,0.5,2.5,10.8,3.2,"1"
"408",7,8.08862590401052,0.4,0.7,3,10.8,3.2,"1"
"409",6,10.4,0.3,0.6,2.13642908567315,11.3,3.2,"1"
"410",4,8.08862590401052,0.5,0.5,2.13642908567315,9.6,3,"0"
"411",6,9,0.4,0.3,2.5,9.5,3.4,"1"
"412",5,9.1,0.4,0.3,2.4,9.5,3.4,"1"
"413",5,7.1,0.7,0.2,1.9,9.3,3.3,"1"
"414",7,9.9,0.4,0.5,2.13642908567315,11.7,3.3,"1"
"415",5,8.8,0.5,0.3,2.7,9.5,3.3,"1"
"416",5,8.6,0.7,0.2,2.13642908567315,9.3,3.3,"1"
"417",6,10.6,0.5,0.6,2.2,11.7,3.3,"1"
"418",5,7,0.6,0.1,1.9,10.5,3.4,"1"
"419",6,8.08862590401052,0.4,0.5,2,10.4,3.2,"1"
"420",5,6.8,0.8,0,1.8,9.9,3.6,"1"
"421",7,9.5,0.6,0.3,2.4,11.8,3.3,"1"
"422",7,6.6,0.8,0,2.3,12.3,3.5,"1"
"423",5,7.7,0.506631648063034,0.2,2,10.9,3.4,"1"
"424",7,10.5,0.2,0.5,2.1,11,3.1,"1"
"425",5,7.7,0.506631648063034,0.2,2,10.9,3.4,"1"
"426",7,6.6,0.8,0,2.3,12.3,3.5,"1"
"427",6,6.4,0.7,0.1,2.1,11.4,3.5,"1"
"428",6,9.5,0.8,0.2,1.9,10.6,3.3,"1"
"429",5,9.1,0.5,0.3,1.3,9.3,3.2,"1"
"430",6,8.08862590401052,0.8,0.6,2.4,10.4,3.1,"1"
"431",7,10.5,0.2,0.5,2.1,11,3.1,"1"
"432",5,7.8,0.6,0.3,2.2,9.2,3.2,"1"
"433",6,8.08862590401052,0.4,0.7,2.3,12.8,3,"1"
"434",5,8.08862590401052,0.4,0.6,2.3,9.5,3.2,"1"
"435",6,10.4,0.4,0.6,2.13642908567315,9.9,3.1,"1"
"436",5,8.08862590401052,0.4,0.6,2.3,9.5,3.2,"1"
"437",6,8,0.7,0.3,2,10.2,3.3,"1"
"438",6,11.1,0.4,0.7,2.13642908567315,11.2,3.2,"1"
"439",6,10.4,0.4,0.6,2.13642908567315,9.9,3.1,"1"
"440",5,7,0.6,0.2,1.5,9.3,3.1,"1"
"441",8,8.08862590401052,0.3,0.7,2.2,9.8,3.30847896440129,"1"
"442",6,8.08862590401052,0.4,0.7,2.1,11.3,3.1,"1"
"443",7,8.08862590401052,0.7,0.8,2.13642908567315,11.2,3,"1"
"444",7,10,0.4,0.5,2.7,11.6,3.2,"1"
"445",7,5.3,0.6,0,1.7,12.5,3.6,"1"
"446",6,9.5,0.7,0.1,2.1,10.1,3.2,"1"
"447",5,8.08862590401052,0.4,0.6,2.6,10.5,3.1,"1"
"448",5,9.3,0.5,0.3,2.1,11.2,3.2,"1"
"449",6,8.6,0.5,0.2,2,10.2,3.2,"1"
"450",6,8.08862590401052,0.4,0.7,2.8,10.8,3.1,"1"
"451",6,8.08862590401052,0.4,0.7,2.8,10.8,3.1,"1"
"452",6,8.4,0.4,0.5,1.8,9.1,3.1,"1"
"453",6,6.8,0.6,0,1.7,10,3.4,"1"
"454",7,10.4,0.3,0.6,2.8,11.2,3.3,"1"
"455",5,7,0.2,0.4,1.6,11.1,3.5,"1"
"456",8,11.3,0.6,0.7,2.13642908567315,10.3794676806084,3.2,"1"
"457",5,8.9,0.6,0.4,2.3,10.3,3.4,"1"
"458",5,9.2,0.6,0.2,2.7,9.6,3.3,"1"
"459",7,10.4,0.3,0.6,2.8,11.2,3.3,"1"
"460",3,11.6,0.6,0.7,2.2,9,3.2,"0"
"461",6,9.2,0.4,0.5,2.3,11.3,3.4,"1"
"462",5,8.3,0.6,0.2,2.6,9.3,3.3,"1"
"463",5,11,0.3,0.7,2.5,11.8,3.2,"1"
"464",5,8.1,0.7,0.7,2.2,9,3.1,"1"
"465",6,11.5,0.3,0.5,2.1,9.2,3,"1"
"466",5,10,0.3,0.4,2.9,9.7,3.5,"1"
"467",6,10.3,0.5,0.4,2,11.5,3.2,"1"
"468",6,8.8,0.5,0.4,2.6,10.3794676806084,3.3,"1"
"469",6,11.4,0.4,0.7,2.1,9.2,3.2,"1"
"470",5,8.7,0.8,0,1.2,9.8,3.2,"1"
"471",5,8.08862590401052,0.3,0.7,2.6,10.6,3,"1"
"472",6,9.6,0.5,0.4,2.4,11.4,3.2,"1"
"473",6,8.08862590401052,0.4,0.6,2.6,10.4,3.1,"1"
"474",5,9.9,0.3,0.6,2.1,10.6,3.3,"1"
"475",6,10.5,0.3,0.5,1.7,9.4,3.2,"1"
"476",5,9.6,0.7,0.2,2.2,10.2,3.1,"1"
"477",5,9.3,0.3,0.4,2,9.7,3.3,"1"
"478",6,10.4,0.2,0.5,1.8,11,3.2,"1"
"479",5,9.6,0.7,0.2,2.2,10.2,3.1,"1"
"480",6,9.4,0.7,0.1,2.7,10.1,3.2,"1"
"481",5,10.6,0.3,0.4,2.13642908567315,9.2,3.1,"1"
"482",8,9.4,0.3,0.6,2.8,11.7,3.1,"1"
"483",5,10.6,0.4,0.6,2.2,9.4,3,"1"
"484",5,10.6,0.4,0.6,2.2,9.4,3,"1"
"485",6,10.6,0.4,0.7,2.13642908567315,10.3794676806084,3.1,"1"
"486",5,10.2,0.7,0.4,1.9,10,3.2,"1"
"487",5,10.2,0.7,0.4,1.9,10,3.2,"1"
"488",6,10.2,0.6,0.4,1.8,10,3.2,"1"
"489",7,11.6,0.3,0.6,2.8,10.8,3.3,"1"
"490",6,9.3,0.4,0.4,2.6,10.2,3.3,"1"
"491",6,9.3,0.8,0.3,2.8,10.6,3.3,"1"
"492",7,9.2,0.4,0.5,2.5,10.3794676806084,3.3,"1"
"493",7,8.9,0.4,0.5,2.6,10.3794676806084,3.3,"1"
"494",6,8.7,0.7,0.3,3,11.6,3.5,"1"
"495",6,6.5,0.4,0.2,2.13642908567315,12.1,3.4,"1"
"496",8,10.7,0.3,0.5,2.6,11,3.1,"1"
"497",6,7.8,0.5,0.2,1.9,9,3.4,"1"
"498",5,7.2,0.3,0.3,2.5,11.1,3.3,"1"
"499",8,10.7,0.3,0.5,2.6,11,3.1,"1"
"500",6,8.7,0.7,0.3,3,11.6,3.5,"1"
"501",6,7.8,0.5,0.2,1.9,9,3.4,"1"
"502",7,10.4,0.4,0.7,2.13642908567315,12,3.2,"1"
"503",7,10.4,0.4,0.7,2.13642908567315,12,3.2,"1"
"504",7,10.5,0.3,0.5,1.9,10.9,3.2,"1"
"505",7,10.5,0.2,0.4,1.8,10.8,3.2,"1"
"506",7,10.2,0.5,0.6,2.9,12.5,3.2,"1"
"507",7,10.4,0.2,0.5,1.8,10.8,3.2,"1"
"508",6,11.2,0.7,0.6,2.3,9.5,3.2,"1"
"509",6,10,0.6,0.3,2.2,10.2,3.2,"1"
"510",7,8.08862590401052,0.3,0.8,2.8,11.4,3,"1"
"511",5,8.08862590401052,0.4,0.5,2.13642908567315,9.5,3,"1"
"512",6,10,0.6,0.3,2.2,10.2,3.2,"1"
"513",6,10.7,0.4,0.5,2.1,9.7,3,"1"
"514",7,10.5,0.5,0.6,2.4,11.8,3.1,"1"
"515",7,10.5,0.5,0.6,2.4,11.8,3.1,"1"
"516",5,8.5,0.7,0.5,2.13642908567315,9.3,3.3,"1"
"517",6,8.08862590401052,0.6,0.5,2.13642908567315,11.9,3.2,"1"
"518",3,10.4,0.6,0.5,2.1,8.4,3.2,"0"
"519",6,10.9,0.2,0.5,2.8,11.7,3.2,"1"
"520",5,7.3,0.4,0.5,2.5,11,3.4,"1"
"521",6,9.8,0.2,0.5,2.7,10,3.4,"1"
"522",5,7.6,0.4,0.5,2,9.1,3.5,"1"
"523",5,8.2,0.4,0.5,2.3,9.8,3.4,"1"
"524",5,9.3,0.4,0.5,2.5,9.4,3.2,"1"
"525",5,9.2,0.4,0.5,2.4,9.5,3.2,"1"
"526",5,10.4,0.6,0.2,2.8,9.9,3.2,"1"
"527",5,7.3,0.4,0.5,2.5,11,3.4,"1"
"528",6,7,0.4,0.5,2.5,11.4,3.4,"1"
"529",6,8.2,0.4,0.5,2.6,8.7,3.3,"1"
"530",5,9.9,0.6,0.2,2.4,9.4,3.1,"1"
"531",6,9.1,0.2,0.2,2.1,10.3,3.4,"1"
"532",5,8.08862590401052,0.4,0.5,2.7,10.3,3.2,"1"
"533",5,8.08862590401052,0.4,0.5,2.7,10.3,3.2,"1"
"534",6,10.3,0.3,0.2,2.1,12.8,3.2,"1"
"535",6,10,0.5,0.2,2.7,10,3.3,"1"
"536",6,9.1,0.2,0.2,2.1,10.3,3.4,"1"
"537",5,9.9,0.6,0.2,2.4,9.4,3.1,"1"
"538",6,8.1,0.8,0.2,2.1,10.7,3.4,"1"
"539",7,8.08862590401052,0.3,0.5,2.13642908567315,12,3.2,"1"
"540",5,11.2,0.5,0.7,2.13642908567315,11.2,3.2,"1"
"541",5,9.2,0.6,0.2,2.13642908567315,9.6,3.3,"1"
"542",6,9.5,0.5,0.5,2.13642908567315,11,3.2,"1"
"543",5,9.3,0.7,0.2,2.1,9.9,3.1,"1"
"544",6,11.2,0.7,0.2,2.5,11,3.1,"1"
"545",6,8.08862590401052,0.3,0.7,1.8,8.4,3.30847896440129,"1"
"546",5,9.1,0.5,0.5,2.6,9.1,3.1,"1"
"547",6,7.5,0.6,0.2,2,9.5,3.5,"1"
"548",6,10.6,0.3,0.5,2.5,10.7,3.3,"1"
"549",6,8.08862590401052,0.3,0.5,2.6,10.4,3.1,"1"
"550",6,9,0.5,0.5,1.9,9.4,3.3,"1"
"551",6,6.8,0.5,0,2.1,9.5,3.3,"1"
"552",6,9.4,0.4,0.2,2.8,10,3.2,"1"
"553",6,9.5,0.5,0.2,2.7,10,3.1,"1"
"554",5,5,0.506631648063034,0.2,1.6,11.5,3.30847896440129,"1"
"555",5,8.08862590401052,0.6,0.5,2.13642908567315,11.1,3.30847896440129,"1"
"556",5,8.08862590401052,0.6,0.5,2.13642908567315,11.1,3.30847896440129,"1"
"557",6,10.9,0.5,0.5,2.13642908567315,11.7,3.1,"1"
"558",5,8.08862590401052,0.6,0.5,2.13642908567315,11.1,3.30847896440129,"1"
"559",6,10.9,0.5,0.5,2.13642908567315,11.7,3.1,"1"
"560",6,8.08862590401052,0.5,0.5,2.13642908567315,12.7,3.3,"1"
"561",5,8.08862590401052,0.6,0.5,2.8,11.4,3.1,"1"
"562",5,9,0.4,0.5,2.4,9.2,3.2,"1"
"563",5,9,0.5,0.5,2.9,9.2,3.1,"1"
"564",6,7.6,0.3,0.5,2.7,10.1,3.3,"1"
"565",6,8.08862590401052,0.5,0.5,2.13642908567315,12.7,3.3,"1"
"566",5,8.08862590401052,0.6,0.5,2.8,11.4,3.1,"1"
"567",6,8.7,0.7,0.2,2.5,9,3.3,"1"
"568",6,8.7,0.7,0.2,2.5,9,3.3,"1"
"569",6,9.8,0.5,0.5,2.6,10.7,3.3,"1"
"570",6,6.2,0.4,0.2,2.2,11.7,3.6,"1"
"571",6,11.5,0.3,0.5,2.13642908567315,11,3.3,"1"
"572",6,6.2,0.4,0.2,2.2,11.7,3.6,"1"
"573",5,10.2,0.2,0.5,2.4,10.4,3.1,"1"
"574",4,10.5,0.6,0.5,2.1,9.6,3.3,"0"
"575",6,10.6,0.3,0.5,2.13642908567315,10,3.2,"1"
"576",6,8.08862590401052,0.3,0.5,3.1,10.2,3.2,"1"
"577",4,9.9,0.5,0.2,2.3,10,3.3,"0"
"578",5,8.8,0.4,0.5,2.8,9.5,3.3,"1"
"579",5,8.8,0.5,0.5,2.9,9.8,3.3,"1"
"580",6,10.6,0.3,0.5,2.2,9.8,3.1,"1"
"581",5,8.08862590401052,0.5,0.5,2.2,9.6,3.2,"1"
"582",5,8.08862590401052,0.5,0.5,2.2,9.6,3.2,"1"
"583",5,11.7,0.5,0.5,2.2,9.2,3.2,"1"
"584",7,8.08862590401052,0.3,0.5,1.9,9.9,3,"1"
"585",7,11.8,0.3,0.5,2.13642908567315,10.7,3.3,"1"
"586",6,7.6,0.5,0.2,2.4,9.6,3.5,"1"
"587",7,11.1,0.3,0.5,2.7,10.6,3.1,"1"
"588",5,7.3,0.7,0.2,1.9,9.3,3.3,"1"
"589",8,5,0.4,0.2,2,10.3794676806084,3.30847896440129,"1"
"590",7,10.2,0.3,0.5,2.6,10.5,3,"1"
"591",5,9,0.4,0.5,2.6,9.7,3.4,"1"
"592",6,6.6,0.4,0.5,1.7,11.5,3.1,"1"
"593",5,9,0.4,0.5,2.6,9.7,3.4,"1"
"594",5,9.9,0.5,0.6,2.13642908567315,9,3.3,"1"
"595",5,7.9,0.7,0.2,2.6,9.5,3.4,"1"
"596",5,8.9,0.6,0.4,2.13642908567315,9.3,3.3,"1"
"597",6,8.08862590401052,0.4,0.5,2,9.3,3,"1"
"598",6,8.08862590401052,0.6,0.6,1.9,10,3.1,"1"
"599",6,8.5,0.6,0.2,2.1,9.8,3.2,"1"
"600",6,8.08862590401052,0.6,0.4,2.3,9.3,3,"1"
"601",4,8.2,0.506631648063034,0.3,2.1,10,3.3,"0"
"602",6,8.08862590401052,0.5,0.5,2.2,9,3.1,"1"
"603",5,7.7,0.8,0,2.6,9.3,3.3,"1"
"604",6,8.08862590401052,0.5,0.5,2.2,9,3.1,"1"
"605",6,8.3,0.6,0.1,2.9,9.1,3.2,"1"
"606",6,8.3,0.6,0.1,2.6,9.2,3.3,"1"
"607",7,9.4,0.4,0.5,2.13642908567315,12.2,3.3,"1"
"608",6,8.8,0.5,0.4,2.13642908567315,10.5,3.3,"1"
"609",6,10.1,0.7,0.4,2.13642908567315,10.4,3.3,"1"
"610",6,6.3,0.4,0.2,2.13642908567315,12.7,3.6,"1"
"611",5,8.8,0.2,0.5,2.5,9.2,3.4,"1"
"612",5,8.08862590401052,0.4,0.6,2.7,9.4,3,"1"
"613",6,7.5,0.6,0,2.4,10,3.3,"1"
"614",5,8.2,0.4,0.4,1.5,9.8,3.3,"1"
"615",6,9.2,0.8,0.2,2.2,10.2,3.30847896440129,"1"
"616",5,9.6,0.6,0.5,2.3,9.7,3.5,"1"
"617",5,9.6,0.6,0.5,2.3,9.7,3.5,"1"
"618",6,11.5,0.3,0.5,2.2,9.8,3,"1"
"619",5,11.4,0.5,0.5,2.7,10.2,3.1,"1"
"620",5,11.3,0.4,0.4,2.3,9.3,3.1,"1"
"621",5,8.3,0.5,0.2,2.13642908567315,9.4,3.3,"1"
"622",5,8.2,0.6,0.2,2.13642908567315,9.4,3.3,"1"
"623",5,10,0.6,0.2,1.9,9.5,3.1,"1"
"624",6,7.9,0.5,0.2,2.9,12.1,3.5,"1"
"625",5,6.8,0.7,0,2.13642908567315,10.2,3.5,"1"
"626",5,6.8,0.7,0,2.13642908567315,10.2,3.5,"1"
"627",5,8.8,0.6,0.3,2.2,9.1,3.4,"1"
"628",5,8.8,0.6,0.3,2.2,9.1,3.4,"1"
"629",6,8.7,0.5,0.3,2.5,9.3,3.3,"1"
"630",5,7.6,0.7,0.2,2.3,9.3,3.2,"1"
"631",6,8.7,0.5,0.3,2.5,9.3,3.3,"1"
"632",5,10.4,0.3,0.5,2.7,9.5,3.2,"1"
"633",6,7.6,0.4,0.1,3,10.5,3.3,"1"
"634",4,10.1,0.506631648063034,0.2,2.13642908567315,11.3,3.4,"0"
"635",5,7.9,0.3,0.2,1.9,9.5,3.3,"1"
"636",5,8.7,0.8,0,1.4,9.7,3.3,"1"
"637",5,9.6,0.506631648063034,0.3,2.4,9.4,3.2,"1"
"638",5,9.5,0.506631648063034,0.3,2.3,9.4,3.2,"1"
"639",7,7.7,0.506631648063034,0.1,2.2,10.2,3.4,"1"
"640",6,8.9,0.3,0.3,1.9,10.3,3.2,"1"
"641",5,9.9,0.5,0.4,2.3,9.4,3.4,"1"
"642",5,9.5,0.6,0.4,2.3,9.5,3.5,"1"
"643",5,9.9,0.5,0.4,2.3,9.4,3.4,"1"
"644",5,9.5,0.6,0.4,2.3,9.5,3.5,"1"
"645",5,9.9,0.5,0.4,2.3,9.4,3.4,"1"
"646",7,7.8,0.6,0.1,2.13642908567315,10.1,3.4,"1"
"647",5,7.3,0.7,0,2.13642908567315,10.1,3.4,"1"
"648",4,8.3,0.8,0,2.2,11,3.3,"0"
"649",7,8.7,0.5,0.3,2.8,11.2,3.3,"1"
"650",6,6.7,0.4,0.3,2.13642908567315,11.3,3.2,"1"
"651",5,10.7,0.4,0.4,2.2,9.6,3.30847896440129,"1"
"652",5,9.8,0.506631648063034,0.2,2.5,11.2,3.4,"1"
"653",5,8.08862590401052,0.4,0.7,2.13642908567315,10.3794676806084,3,"1"
"654",6,9.4,0.3,0.6,2.8,12,3.1,"1"
"655",5,8.6,0.5,0.5,2.4,9.5,3.1,"1"
"656",5,9.7,0.6,0.2,2.9,9.4,3.1,"1"
"657",5,10.7,0.4,0.4,2.2,9.6,3.30847896440129,"1"
"658",7,8.08862590401052,0.5,0.6,1.4,10.5,3.30847896440129,"1"
"659",6,7.2,0.5,0.1,1.4,9.6,3.3,"1"
"660",4,7.1,0.8,0,2.13642908567315,11,3.4,"0"
"661",6,7.2,0.5,0.1,1.4,9.6,3.3,"1"
"662",5,7.5,0.4,0.3,1.6,9,3.3,"1"
"663",6,7.2,0.6,0.1,1.6,9.6,3.4,"1"
"664",6,10.1,0.3,0.5,1.8,10.2,3,"1"
"665",5,8.08862590401052,0.4,0.5,2,10.2,3,"1"
"666",5,9.4,0.6,0.1,2,9.7,3.1,"1"
"667",6,8.3,0.5,0.4,1.8,9.5,3.2,"1"
"668",6,11.3,0.3,0.4,2,9.2,3.30847896440129,"1"
"669",5,10,0.7,0.4,2.3,11,3.1,"1"
"670",6,11.3,0.3,0.4,2,9.2,3.30847896440129,"1"
"671",5,6.9,0.4,0.2,2.5,10,3.3,"1"
"672",5,8.2,0.7,0.2,1.7,9.5,3.2,"1"
"673",5,9.8,0.506631648063034,0.3,2,9.5,3.1,"1"
"674",5,8.2,0.7,0.2,1.7,9.5,3.2,"1"
"675",6,10.8,0.4,0.4,2.2,9.3,3.1,"1"
"676",5,9.3,0.4,0.4,2.2,10.2,3.3,"1"
"677",6,10.8,0.4,0.4,2.2,9.3,3.1,"1"
"678",5,8.6,0.8,0.1,2.3,9.9,3.4,"1"
"679",5,8.3,0.8,0.1,2.6,10,3.5,"1"
"680",5,10.8,0.3,0.4,2.13642908567315,9.6,3.1,"1"
"681",5,8.08862590401052,0.4,0.6,1.9,9,3.1,"1"
"682",6,8,0.4,0.2,2.2,10.2,3.2,"1"
"683",5,8.5,0.5,0.3,2.2,9.8,3.3,"1"
"684",5,8.1,0.8,0.2,2.6,11.3,3.4,"1"
"685",5,9.8,0.506631648063034,0.3,2.3,9.4,3.2,"1"
"686",5,8.1,0.8,0.2,2.6,11.3,3.4,"1"
"687",5,7.1,0.7,0.2,1.8,9.1,3.4,"1"
"688",5,9.1,0.6,0.2,3.1,9.7,3.3,"1"
"689",5,7.7,0.7,0,1.6,9.4,3.4,"1"
"690",5,8.1,0.4,0.5,1.8,9.4,3.3,"1"
"691",3,7.4,0.506631648063034,0,2.13642908567315,10.7,3.6,"0"
"692",5,9.2,0.506631648063034,0.2,2.6,9.8,3.5,"1"
"693",5,8.6,0.5,0.5,2,9,3,"1"
"694",5,9,0.5,0.3,2.8,9.4,3.3,"1"
"695",5,9,0.5,0.3,2.7,9.4,3.3,"1"
"696",6,5.1,0.5,0,1.3,12.8,3.30847896440129,"1"
"697",6,7,0.7,0,2.1,9.5,3.5,"1"
"698",6,7,0.7,0,2.1,9.5,3.5,"1"
"699",5,9.4,0.6,0.3,2.13642908567315,9.7,3.3,"1"
"700",6,11.8,0.4,0.6,2.1,10.8,3.1,"1"
"701",6,10.6,0.506631648063034,0.4,2.9,10.1,3.1,"1"
"702",6,7,0.7,0,2.1,9.5,3.5,"1"
"703",6,7,0.6,0,2.1,9.4,3.5,"1"
"704",4,7.5,0.4,0.5,2.6,9.6,3.3,"0"
"705",4,9.1,0.8,0,1.6,9.7,3.3,"0"
"706",5,8.4,0.506631648063034,0.1,2.13642908567315,9.9,3.4,"1"
"707",5,7,0.8,0.1,2,10,3.4,"1"
"708",5,7.4,0.5,0.2,3,10.5,3.4,"1"
"709",6,7.8,0.5,0.1,2.5,11.6,3.3,"1"
"710",6,9.7,0.3,0.5,1.6,10,3.3,"1"
"711",5,10.6,0.506631648063034,0.4,2.8,10.1,3.1,"1"
"712",5,8.9,0.6,0.3,3,9.5,3.4,"1"
"713",5,8.7,0.7,0,2.13642908567315,9.4,3.4,"1"
"714",5,8,0.4,0.4,2.3,9.4,3.3,"1"
"715",5,9.9,0.7,0.3,2.6,9.8,3.3,"1"
"716",6,7.2,0.5,0.2,2.7,9.2,3.3,"1"
"717",5,8,0.4,0.4,2.3,9.4,3.3,"1"
"718",5,7.6,0.5,0.1,2.6,10,3.2,"1"
"719",5,8.4,0.6,0,2,9.6,3.2,"1"
"720",5,7.1,0.7,0,2.13642908567315,9.5,3.5,"1"
"721",5,8.4,0.6,0,2,9.6,3.2,"1"
"722",5,8.9,0.5,0.2,2.9,9.2,3.1,"1"
"723",5,7.6,0.4,0.1,2.7,10,3.2,"1"
"724",5,7.1,0.3,0.3,2.2,9.5,3.30847896440129,"1"
"725",4,7.5,0.506631648063034,0.1,3.1,11.2,3.5,"0"
"726",5,9,0.7,0.2,3,10.4,3.3,"1"
"727",6,8.1,0.7,0.1,2.8,11.1,3.4,"1"
"728",5,6.4,0.6,0,1.8,9.5,3.5,"1"
"729",5,6.4,0.6,0,1.8,9.5,3.5,"1"
"730",6,6.4,0.506631648063034,0,2.13642908567315,12.7,3.6,"1"
"731",5,9.5,0.6,0.7,2.3,9.6,3.2,"1"
"732",5,8.9,0.506631648063034,0.1,2.13642908567315,11.5,3.4,"1"
"733",5,7.3,0.8,0,2.1,9.6,3.4,"1"
"734",5,7,0.4,0.3,2.7,9.5,3.5,"1"
"735",5,7.7,0.6,0.2,2,9.3,3.5,"1"
"736",5,7.7,0.506631648063034,0.1,2.1,9.5,3.3,"1"
"737",5,7.7,0.506631648063034,0.1,2.1,9.5,3.3,"1"
"738",6,8.2,0.6,0,2.5,9.3,3.5,"1"
"739",5,9,0.5,0.2,2.8,9.2,3.1,"1"
"740",5,9,0.7,0,2.4,9.3,3.4,"1"
"741",6,8.3,0.8,0.3,2.13642908567315,11.5,3.5,"1"
"742",5,9.2,0.5,0.2,2.6,9.5,3.2,"1"
"743",5,6.5,0.6,0,1.9,9.2,3.5,"1"
"744",5,11.6,0.4,0.6,2.8,10,3.1,"1"
"745",5,11.1,0.4,0.5,2.7,9.5,3.1,"1"
"746",6,7.3,0.5,0.2,2.1,9.5,3.5,"1"
"747",6,8.2,0.3,0.4,2.5,9,3.3,"1"
"748",5,8.6,0.3,0.4,2.6,9.4,3.3,"1"
"749",6,7.2,0.5,0.2,2.1,9.6,3.5,"1"
"750",6,7.3,0.5,0.2,2.1,9.5,3.5,"1"
"751",5,8.3,0.7,0.1,2.9,9.5,3.3,"1"
"752",5,8.3,0.7,0.1,2.9,9.5,3.3,"1"
"753",5,7.6,0.5,0.1,2.5,9.4,3.4,"1"
"754",5,8.3,0.7,0.1,2.9,9.5,3.3,"1"
"755",6,7.8,0.5,0.7,1.7,9.1,3.1,"1"
"756",6,7.8,0.506631648063034,0.1,1.9,10.7,3.5,"1"
"757",6,6.3,0.506631648063034,0,2,11.2,3.6,"1"
"758",5,8.1,0.506631648063034,0,2.2,9.8,3.2,"1"
"759",5,8.1,0.506631648063034,0,2.2,9.8,3.2,"1"
"760",5,8.8,0.4,0.2,2.5,9.2,3.2,"1"
"761",5,9,0.6,0.2,2.8,9.7,3.2,"1"
"762",5,9.3,0.7,0.3,2,9.6,3.2,"1"
"763",6,8.8,0.7,0,1.7,10,3.3,"1"
"764",5,9.3,0.7,0.3,2,9.6,3.2,"1"
"765",6,9.1,0.7,0.1,2.8,9.5,3.3,"1"
"766",6,9.2,0.7,0.1,3,9.5,3.3,"1"
"767",5,8.8,0.6,0.2,2.9,9.4,3.1,"1"
"768",5,7.5,0.6,0.3,2.7,9.5,3.5,"1"
"769",6,7.1,0.6,0,2.3,9.7,3.5,"1"
"770",5,7.9,0.7,0,1.9,9.6,3.4,"1"
"771",6,7.1,0.6,0,2.3,9.7,3.5,"1"
"772",5,9.4,0.7,0.3,2.4,9.4,3.3,"1"
"773",5,9.5,0.6,0.3,2.3,9.4,3.3,"1"
"774",6,7.9,0.4,0.3,1.8,9.5,3.3,"1"
"775",6,7.9,0.4,0.3,1.8,9.5,3.3,"1"
"776",5,7.2,0.506631648063034,0,3,10,3.4,"1"
"777",6,6.9,0.8,0.2,2.4,10.3,3.4,"1"
"778",6,6.9,0.6,0.2,2.4,10.3,3.4,"1"
"779",5,8.3,0.4,0.3,2.13642908567315,10.5,3.4,"1"
"780",5,7.1,0.5,0,2.6,9.8,3.5,"1"
"781",6,7,0.6,0,2,9.4,3.3,"1"
"782",5,6.5,0.5,0.1,2.4,9.8,3.30847896440129,"1"
"783",5,9,0.8,0,2.4,10,3.4,"1"
"784",5,6.5,0.5,0.1,2.4,9.8,3.30847896440129,"1"
"785",5,7.1,0.6,0,2.5,9.8,3.5,"1"
"786",5,9.9,0.3,0.4,2.3,9.5,3.2,"1"
"787",5,9.9,0.3,0.4,2.3,9.5,3.2,"1"
"788",6,10,0.6,0.2,2.2,10.1,3.2,"1"
"789",6,10,0.6,0.2,2.2,10.1,3.2,"1"
"790",5,8.6,0.6,0.2,2.9,9.3,3.1,"1"
"791",6,7.4,0.4,0.4,2.6,9.7,3.3,"1"
"792",5,8.8,0.6,0.2,2.9,9.6,3.2,"1"
"793",6,7.1,0.6,0,2.5,9.7,3.5,"1"
"794",5,7.7,0.6,0,2.6,10.8,3.4,"1"
"795",6,10.1,0.3,0.5,2.3,12.5,3.2,"1"
"796",5,10.8,0.506631648063034,0.3,2.6,10.2,3,"1"
"797",5,8.7,0.5,0.3,2.5,9.6,3.1,"1"
"798",7,9.3,0.4,0.4,1.6,10.8,3.2,"1"
"799",6,9.4,0.5,0.3,2.13642908567315,10.7,3.3,"1"
"800",6,9.4,0.5,0.3,2.13642908567315,10.7,3.3,"1"
"801",5,7.2,0.6,0.1,2.13642908567315,9.4,3.2,"1"
"802",5,8.6,0.6,0.1,2.13642908567315,10,3.2,"1"
"803",7,5.1,0.6,0,1.7,12.9,3.6,"1"
"804",6,7.7,0.6,0.1,2.5,9.6,3.2,"1"
"805",6,8.4,0.5,0.2,2.7,9.9,3.3,"1"
"806",7,8.2,0.3,0.4,2.4,12.8,3.3,"1"
"807",7,8.4,0.2,0.4,2,12.5,3.3,"1"
"808",7,8.2,0.3,0.4,2.4,12.8,3.3,"1"
"809",5,7.4,0.5,0.1,1.9,9.2,3.3,"1"
"810",6,7.6,0.5,0.3,2.8,10.3,3.2,"1"
"811",5,7.3,0.5,0.1,2.6,10.5,3.3,"1"
"812",6,8.08862590401052,0.5,0.6,2.8,10.9,3.1,"1"
"813",5,10.8,0.4,0.3,2.5,10.8,3.2,"1"
"814",4,6.9,0.4,0.2,2.1,11.4,3.4,"0"
"815",6,8.08862590401052,0.4,0.5,2.8,11.3,3.2,"1"
"816",5,10.8,0.4,0.3,2.5,10.8,3.2,"1"
"817",6,9.8,0.5,0.2,2.13642908567315,10.5,3.2,"1"
"818",6,10.8,0.3,0.4,1.6,11.9,3.3,"1"
"819",5,7.1,0.7,0,2.4,9.4,3.3,"1"
"820",5,9.1,0.7,0.1,2.13642908567315,9.6,3.3,"1"
"821",5,7,0.7,0,1.9,9.7,3.3,"1"
"822",7,4.9,0.4,0,2.1,10.3794676806084,3.30847896440129,"1"
"823",5,6.7,0.5,0.1,2,9.8,3.6,"1"
"824",5,6.7,0.5,0.1,2,9.8,3.6,"1"
"825",5,7.1,0.5,0.3,2.8,10.3,3.2,"1"
"826",5,7.1,0.5,0.1,2.8,10.7,3.4,"1"
"827",7,7.5,0.3,0.3,2.3,11,3.4,"1"
"828",5,7.1,0.5,0.1,2.8,10.7,3.4,"1"
"829",8,7.8,0.6,0.1,2.3,12.7,3.5,"1"
"830",6,5.9,0.6,0.1,2.1,11.1,3.6,"1"
"831",4,7.5,0.7,0.1,2.5,10.9,3.4,"0"
"832",6,5.9,0.6,0.1,2.1,11.1,3.6,"1"
"833",3,10.4,0.4,0.4,1.5,9.9,3.4,"0"
"834",4,11.6,0.5,0.4,1.6,9.9,3.4,"0"
"835",5,8.8,0.7,0.3,1.6,9.4,3.3,"1"
"836",5,7.6,0.7,0.1,1.5,9.3,3.4,"1"
"837",7,6.7,0.3,0.3,2.4,11.7,3.3,"1"
"838",7,6.7,0.3,0.3,2.4,11.7,3.3,"1"
"839",7,10.1,0.3,0.3,1.6,11.2,3.2,"1"
"840",5,6,0.5,0,2.2,10,3.5,"1"
"841",7,11.1,0.4,0.5,2.6,12.1,3.2,"1"
"842",5,6.6,0.7,0,3,10.3,3.5,"1"
"843",6,10.6,0.5,0.4,2.6,10.9,3.2,"1"
"844",5,7.1,0.7,0.3,2,9.4,3.3,"1"
"845",6,9.9,0.2,0.5,1.7,10.6,3.2,"1"
"846",5,6.4,0.6,0.2,1.8,9.8,3.6,"1"
"847",5,6.4,0.6,0.2,1.8,9.8,3.6,"1"
"848",6,7.4,0.7,0.2,1.8,9.9,3.5,"1"
"849",5,6.4,0.6,0.2,1.8,9.8,3.6,"1"
"850",5,6.4,0.6,0.2,1.6,9.8,3.6,"1"
"851",5,9.3,0.4,0.4,1.9,9.5,3.3,"1"
"852",5,9.3,0.4,0.4,1.9,9.5,3.3,"1"
"853",5,8,0.4,0.3,2.5,9.7,3.2,"1"
"854",6,9.3,0.4,0.4,1.5,10.9,3.5,"1"
"855",6,9.3,0.4,0.4,1.5,10.9,3.5,"1"
"856",7,7.6,0.7,0,2.5,11.7,3.5,"1"
"857",6,9.3,0.4,0.4,1.5,10.9,3.5,"1"
"858",7,8.2,0.3,0.3,2.5,11.3,3.4,"1"
"859",7,11.7,0.3,0.5,1.7,10.6,3.1,"1"
"860",6,6.8,0.6,0.2,1.8,11.2,3.4,"1"
"861",5,7.2,0.6,0.1,2.7,9.5,3.5,"1"
"862",6,5.8,0.506631648063034,0.7,2,11.5,3.30847896440129,"1"
"863",5,7.5,0.4,0.3,2.7,10.4,3.2,"1"
"864",5,7.2,0.6,0.1,2.5,9.7,3.5,"1"
"865",5,7.2,0.6,0.1,2.7,9.5,3.5,"1"
"866",5,7.2,0.6,0.1,2.6,9.7,3.5,"1"
"867",6,6.8,0.5,0.2,2.3,11.3,3.4,"1"
"868",6,6.9,0.5,0.2,2,11.2,3.4,"1"
"869",6,6.8,0.6,0.2,1.8,11.2,3.4,"1"
"870",6,7.6,0.6,0,2,10.9,3.4,"1"
"871",6,7.7,0.7,0,2.1,11.8,3.4,"1"
"872",5,6.9,0.6,0,1.5,10.6,3.5,"1"
"873",4,7.3,0.3,0.2,2,10,3.4,"0"
"874",7,9.1,0.2,0.4,1.6,11.1,3.2,"1"
"875",7,10.4,0.4,0.5,2.1,11.8,3.1,"1"
"876",7,8.8,0.3,0.4,2.8,11.8,3.3,"1"
"877",4,7.1,0.5,0,2.2,10.9,3.4,"0"
"878",6,7.7,0.7,0,2.1,11.8,3.4,"1"
"879",6,8.8,0.6,0.2,2.13642908567315,10,3.2,"1"
"880",5,7.2,0.6,0,2.5,9.5,3.5,"1"
"881",5,9.2,0.6,0.2,1.6,9.9,3.1,"1"
"882",6,7.6,0.7,0,2.1,11.4,3.5,"1"
"883",6,8.4,0.3,0.3,3.1,12,3.2,"1"
"884",5,7.2,0.6,0,2.5,9.5,3.5,"1"
"885",6,8.8,0.6,0.2,2.13642908567315,10,3.2,"1"
"886",5,8.9,0.8,0.1,2.5,10.5,3.3,"1"
"887",6,9,0.8,0.1,2.4,10.4,3.3,"1"
"888",7,10.7,0.5,0.4,2.6,12.1,3.1,"1"
"889",6,6.8,0.6,0,2.5,11.2,3.4,"1"
"890",5,10.7,0.506631648063034,0.3,2.13642908567315,9.3,3.2,"1"
"891",5,7.2,0.3,0.2,2,10.1,3.4,"1"
"892",5,7.2,0.7,0,2.3,9.7,3.5,"1"
"893",6,10.1,0.4,0.2,1.9,9.3,3.2,"1"
"894",5,7.2,0.7,0,2.3,9.7,3.5,"1"
"895",6,7.2,0.6,0,2.2,9.8,3.5,"1"
"896",6,7.1,0.6,0,2.3,10.7,3.4,"1"
"897",7,8.3,0.3,0.4,2.4,12.5,3.3,"1"
"898",6,7.1,0.6,0,2.3,10.7,3.4,"1"
"899",7,8.3,0.3,0.4,2.4,12.5,3.3,"1"
"900",3,8.3,0.506631648063034,0,2.13642908567315,11,3.5,"0"
"901",5,8.9,0.3,0.4,2.6,11.8,3.4,"1"
"902",7,7.4,0.6,0.1,2.4,10.8,3.6,"1"
"903",7,7.4,0.6,0.1,2.4,10.8,3.6,"1"
"904",7,6.8,0.6,0.1,2.13642908567315,10.8,3.4,"1"
"905",7,6.8,0.6,0.1,2.13642908567315,10.8,3.4,"1"
"906",5,9.2,0.6,0.2,3,9.5,3.2,"1"
"907",5,7.2,0.5,0.3,2.6,11,3.4,"1"
"908",6,6.1,0.6,0,2.2,11.5,3.6,"1"
"909",6,7.4,0.5,0.1,2.4,10.8,3.4,"1"
"910",6,7.3,0.3,0.4,1.2,11.5,3.3,"1"
"911",6,9.3,0.4,0.5,2.13642908567315,10.3794676806084,3.2,"1"
"912",6,9.1,0.3,0.5,2.13642908567315,10.9,3.2,"1"
"913",6,10,0.5,0.4,2.9,12.2,3.3,"1"
"914",7,9.4,0.4,0.5,2.13642908567315,12.2,3.3,"1"
"915",6,7.3,0.3,0.4,1.2,11.5,3.3,"1"
"916",6,8.6,0.3,0.4,2.2,11.9,3.3,"1"
"917",5,5.3,0.7,0.2,1.5,11,3.6,"1"
"918",6,6.8,0.4,0.3,2.13642908567315,10.1,3.4,"1"
"919",6,8.4,0.4,0.3,2.2,11,3.3,"1"
"920",6,8.4,0.6,0.1,1.8,11.8,3.4,"1"
"921",5,9.6,0.4,0.4,2.3,10.5,3.2,"1"
"922",6,8.4,0.4,0.3,2.2,11,3.3,"1"
"923",6,8.4,0.6,0.1,1.8,11.8,3.4,"1"
"924",6,6.8,0.4,0.3,2.13642908567315,10.1,3.4,"1"
"925",5,8.6,0.5,0.3,2.3,11.2,3.2,"1"
"926",7,8.6,0.2,0.4,1.9,11,3.5,"1"
"927",6,9.4,0.2,0.3,2.3,10.2,3.5,"1"
"928",4,8.4,0.7,0.2,2.2,9.2,3.2,"0"
"929",5,8.6,0.5,0.3,2.3,11.2,3.2,"1"
"930",7,8.7,0.3,0.4,2.13642908567315,12,3.3,"1"
"931",5,6.6,0.6,0,1.9,10.5,3.30847896440129,"1"
"932",5,7.4,0.6,0,2,9.8,3.5,"1"
"933",6,7.6,0.4,0.3,1.9,9.5,3.5,"1"
"934",5,7.4,0.6,0,2,9.8,3.5,"1"
"935",5,6.6,0.6,0,1.9,10.5,3.30847896440129,"1"
"936",6,8.8,0.3,0.4,2.3,11.8,3.4,"1"
"937",6,8.8,0.3,0.4,2.3,11.8,3.4,"1"
"938",4,8.08862590401052,0.6,0.5,1.4,10.4,3.1,"0"
"939",7,7.2,0.4,0.4,2.8,12.9,3.3,"1"
"940",5,6.2,0.5,0.2,1.6,11.4,3.6,"1"
"941",7,9.6,0.3,0.5,2.2,12.4,3.4,"1"
"942",7,9.9,0.3,0.5,2.13642908567315,12.5,3.2,"1"
"943",7,10.1,0.4,0.4,2.6,10,3.2,"1"
"944",7,9.8,0.5,0.3,2.3,9.7,3.2,"1"
"945",7,8.3,0.3,0.5,2.13642908567315,12.1,3.3,"1"
"946",7,10.2,0.4,0.4,2,11.1,3.1,"1"
"947",7,10.2,0.4,0.6,2.13642908567315,12,3.3,"1"
"948",7,8.3,0.3,0.5,2.1,12.4,3.3,"1"
"949",7,8.9,0.506631648063034,0.4,1.8,11.9,3.4,"1"
"950",7,8.9,0.506631648063034,0.4,1.8,11.9,3.4,"1"
"951",7,8.9,0.506631648063034,0.4,1.8,11.9,3.4,"1"
"952",7,8.3,0.3,0.5,2.1,12.4,3.3,"1"
"953",7,8.2,0.3,0.4,2.2,11.2,3.3,"1"
"954",7,10.2,0.3,0.5,2.1,12.1,3.2,"1"
"955",6,7.6,0.4,0.4,2.7,12.2,3.4,"1"
"956",5,8.5,0.2,0.5,1.9,10.4,3.4,"1"
"957",6,9,0.4,0.5,2.1,11.3,3.3,"1"
"958",6,9.5,0.4,0.5,2,11.1,3.3,"1"
"959",7,6.4,0.6,0.1,2.3,11.3,3.5,"1"
"960",5,8,0.6,0,2,10,3.4,"1"
"961",6,8.5,0.5,0.3,1.9,11.1,3.2,"1"
"962",5,7.1,0.6,0.1,1.6,9.3,3.3,"1"
"963",5,6.6,0.6,0,2.1,9.5,3.4,"1"
"964",6,8.8,0.3,0.4,2,11.2,3.1,"1"
"965",6,8.5,0.5,0.3,1.9,11.1,3.2,"1"
"966",6,8.3,0.3,0.4,2.4,11,3.3,"1"
"967",7,9,0.4,0.4,2.4,11.9,3.1,"1"
"968",5,8.5,0.7,0.2,2.1,9.2,3.1,"1"
"969",6,9,0.4,0.4,2.4,12.2,3.2,"1"
"970",5,6.7,0.6,0.1,2.9,10.2,3.5,"1"
"971",6,10.4,0.3,0.5,1.9,10.9,3.3,"1"
"972",6,10.4,0.3,0.5,1.9,10.9,3.3,"1"
"973",7,10.1,0.4,0.5,2.4,11.6,3.2,"1"
"974",5,8.5,0.3,0.4,1.7,10.7,3.5,"1"
"975",7,8.8,0.3,0.4,2.13642908567315,12.1,3.3,"1"
"976",5,7.2,0.4,0.3,2.1,9.4,3.4,"1"
"977",5,7.2,0.4,0.3,2.1,9.4,3.4,"1"
"978",5,8.4,0.6,0.3,2.6,9.1,3.1,"1"
"979",7,7,0.4,0.3,2.13642908567315,11.3,3.3,"1"
"980",5,8.08862590401052,0.4,0.5,1.4,10.4,3.1,"1"
"981",6,9.1,0.5,0.3,1.9,10.5,3.3,"1"
"982",5,9.5,0.506631648063034,0.3,1.9,10,3.2,"1"
"983",6,7.3,0.5,0.3,2.1,12.9,3.3,"1"
"984",6,9.1,0.5,0.3,1.9,10.5,3.3,"1"
"985",5,8.08862590401052,0.4,0.5,1.4,10.4,3.1,"1"
"986",6,7.4,0.6,0,2,11.3,3.5,"1"
"987",7,9.8,0.3,0.4,1.4,11.4,3.2,"1"
"988",5,7.1,0.4,0.3,1.6,9.4,3.4,"1"
"989",5,7.7,0.4,0.1,1.7,9.4,3.2,"1"
"990",6,9.7,0.3,0.4,1.5,10.9,3.1,"1"
"991",5,7.7,0.4,0.1,1.7,9.4,3.2,"1"
"992",5,7.1,0.3,0.3,2,9.4,3.5,"1"
"993",6,6.5,0.4,0.1,2,9.4,3.4,"1"
"994",5,7.1,0.3,0.3,2,9.4,3.5,"1"
"995",5,10,0.3,0.4,2.5,9.4,3.1,"1"
"996",6,7.7,0.6,0.1,2,10.1,3.4,"1"
"997",7,5.6,0.7,0,2.2,12.8,3.30847896440129,"1"
"998",7,5.6,0.7,0,2.2,12.8,3.30847896440129,"1"
"999",6,8.9,0.8,0.3,1.4,9.1,3.1,"1"
"1000",6,6.4,0.7,0,1.6,12.9,3.5,"1"
"1001",7,7.5,0.4,0.3,2.2,11.5,3.4,"1"
"1002",7,9.9,0.3,0.4,1.5,10.6,3.3,"1"
"1003",7,9.1,0.3,0.3,2,11.7,3.3,"1"
"1004",7,6.8,0.4,0.3,1.8,12.8,3.4,"1"
"1005",5,8.2,0.4,0.3,1.6,10.3,3.2,"1"
"1006",7,6.8,0.4,0.3,1.8,12.8,3.4,"1"
"1007",7,9.1,0.3,0.3,2,11.7,3.3,"1"
"1008",7,9.1,0.3,0.3,2,11.7,3.3,"1"
"1009",7,8.9,0.3,0.4,2.13642908567315,12,3.2,"1"
"1010",5,9.6,0.5,0.4,2.8,10.9,3.2,"1"
"1011",7,8.9,0.3,0.4,1.7,12.3,3.2,"1"
"1012",6,8.9,0.3,0.3,2,10.4,3.2,"1"
"1013",5,7.7,0.506631648063034,0.1,2.1,10,3.2,"1"
"1014",6,7.5,0.7,0,1.6,10,3.4,"1"
"1015",6,8,0.6,0.2,2,11.2,3.2,"1"
"1016",6,10.5,0.4,0.5,2.2,11.4,3.1,"1"
"1017",7,8.9,0.4,0.4,2.2,12.6,3.3,"1"
"1018",6,8,0.2,0.4,2.13642908567315,12.7,3.30847896440129,"1"
"1019",6,8,0.2,0.4,2.13642908567315,12.7,3.30847896440129,"1"
"1020",5,7,0.5,0.1,1.8,10.4,3.5,"1"
"1021",6,11.3,0.4,0.7,2.4,11.9,3.2,"1"
"1022",6,11.3,0.4,0.7,2.4,11.9,3.2,"1"
"1023",5,7,0.5,0.1,2.1,10.5,3.4,"1"
"1024",6,8.2,0.3,0.4,2.3,12.3,3.3,"1"
"1025",7,7.7,0.6,0,1.8,10.5,3.3,"1"
"1026",6,8.6,0.8,0,2.8,10.4,3.3,"1"
"1027",6,7.9,0.3,0.3,1.9,12.6,3.4,"1"
"1028",5,6.4,0.8,0,2.2,11.6,3.5,"1"
"1029",6,7.2,0.3,0.2,2.5,10.1,3.4,"1"
"1030",7,7.7,0.6,0,1.8,10.5,3.3,"1"
"1031",7,7.1,0.6,0,2.1,11.5,3.4,"1"
"1032",7,7.3,0.6,0,1.8,11,3.4,"1"
"1033",5,8.1,0.8,0,2.13642908567315,9.6,3.4,"1"
"1034",6,7.5,0.6,0.1,2.6,10.4,3.3,"1"
"1035",6,8.9,0.7,0.2,2.5,9.7,3.2,"1"
"1036",7,10.1,0.4,0.3,2.4,10.6,3.2,"1"
"1037",7,7.6,0.3,0.3,2.5,12.5,3.2,"1"
"1038",5,7.3,0.506631648063034,0.1,1.8,9.2,3.4,"1"
"1039",7,8.7,0.4,0.4,2.13642908567315,12.6,3.2,"1"
"1040",6,8.9,0.5,0.2,2.2,11.1,3.3,"1"
"1041",5,7.4,0.506631648063034,0,2.2,10.2,3.6,"1"
"1042",6,6.9,0.5,0.2,1.7,9.8,3.4,"1"
"1043",6,8.9,0.5,0.2,2.2,11.1,3.3,"1"
"1044",7,9.5,0.4,0.4,2.13642908567315,10.9,3.3,"1"
"1045",6,6.4,0.4,0.3,2.13642908567315,12.2,3.4,"1"
"1046",6,6.9,0.4,0,1.4,11.4,3.3,"1"
"1047",6,7.6,0.8,0,1.7,10.7,3.3,"1"
"1048",5,7.1,0.4,0.2,1.8,10.4,3.5,"1"
"1049",6,9.3,0.5,0.4,1.7,10.9,3.3,"1"
"1050",6,9.3,0.5,0.4,1.8,10.8,3.3,"1"
"1051",5,7.1,0.4,0.2,1.8,10.4,3.5,"1"
"1052",5,8.5,0.5,0.6,1.4,9.2,3,"1"
"1053",5,5.6,0.6,0,2.4,12.9,3.6,"1"
"1054",7,8.3,0.3,0.4,2.3,12.7,3.4,"1"
"1055",6,8.2,0.6,0.3,2,9.1,3.1,"1"
"1056",6,8.2,0.6,0.3,2,9.1,3.1,"1"
"1057",7,8.9,0.5,0.5,2.13642908567315,12.1,3.2,"1"
"1058",5,7.6,0.4,0.2,2.13642908567315,9.1,3.1,"1"
"1059",7,9.9,0.5,0.6,2.4,11.6,3.2,"1"
"1060",7,8.9,0.5,0.5,2.13642908567315,12.1,3.2,"1"
"1061",6,11.6,0.2,0.6,1.8,9.9,3.1,"1"
"1062",8,9.1,0.4,0.5,1.8,12.5,3.2,"1"
"1063",6,8,0.4,0.4,1.9,11.4,3.3,"1"
"1064",6,10.2,0.3,0.7,2.4,11.8,3.2,"1"
"1065",6,8.2,0.7,0.1,2,11.8,3.3,"1"
"1066",6,7.7,0.6,0.2,2.4,10.2,3.3,"1"
"1067",7,6.6,0.5,0.1,2.4,12.5,3.4,"1"
"1068",7,11.1,0.3,0.5,2.2,10.9,3,"1"
"1069",7,11.1,0.3,0.5,2.2,10.9,3,"1"
"1070",5,8,0.6,0.3,2.8,10.8,3.3,"1"
"1071",7,9.3,0.3,0.4,1.5,11.1,3.2,"1"
"1072",5,7.5,0.8,0.2,2.13642908567315,9.2,3.2,"1"
"1073",6,7.2,0.3,0.3,1.8,9.5,3.4,"1"
"1074",6,8,0.6,0.3,2.7,10.7,3.3,"1"
"1075",5,7.5,0.8,0.2,2.13642908567315,9.2,3.2,"1"
"1076",7,9.1,0.2,0.3,2,10.2,3.4,"1"
"1077",6,9.9,0.3,0.6,2,11.4,3.1,"1"
"1078",5,8.6,0.4,0.7,2.13642908567315,11,3.3,"1"
"1079",5,8.6,0.4,0.7,2.13642908567315,11,3.3,"1"
"1080",7,7.9,0.3,0.7,2.13642908567315,12.3,3,"1"
"1081",6,10.3,0.3,0.6,1.4,11.8,3.2,"1"
"1082",7,7.9,0.3,0.7,2.13642908567315,12.3,3,"1"
"1083",6,7.2,0.4,0.3,1.8,9.5,3.4,"1"
"1084",6,8.7,0.4,0.4,2.4,12,3.3,"1"
"1085",6,7.2,0.4,0.3,1.8,9.5,3.4,"1"
"1086",5,6.8,0.5,0.1,1.8,9.6,3.1,"1"
"1087",7,8.5,0.3,0.4,2.13642908567315,11.6,3.4,"1"
"1088",6,7.9,0.2,0.4,1.6,11.2,3.3,"1"
"1089",7,11.6,0.4,0.5,1.5,9.9,3,"1"
"1090",7,11.6,0.4,0.5,1.5,9.9,3,"1"
"1091",8,10,0.3,0.5,1.9,11.8,3,"1"
"1092",6,7.9,0.3,0.4,2,11.4,3.4,"1"
"1093",6,7,0.5,0.1,2,11.5,3.4,"1"
"1094",7,9.2,0.3,0.4,2.2,12,3.3,"1"
"1095",6,6.6,0.7,0.1,2.13642908567315,10.8,3.4,"1"
"1096",5,9.4,0.4,0.5,2.5,10.5,3.1,"1"
"1097",6,6.6,0.7,0.1,2.13642908567315,10.8,3.4,"1"
"1098",5,8.6,0.5,0.4,1.5,9.4,3.2,"1"
"1099",7,8,0.3,0.4,2.1,12.5,3.1,"1"
"1100",5,8.6,0.5,0.4,1.5,9.4,3.2,"1"
"1101",6,8.4,0.3,0.4,2.1,12.4,3.1,"1"
"1102",6,7.4,0.5,0.3,2.1,12,3.4,"1"
"1103",6,6.1,0.5,0.1,1.7,11.2,3.5,"1"
"1104",6,7.4,0.5,0.3,2.1,12,3.4,"1"
"1105",6,8,0.5,0.3,2.2,12.4,3.3,"1"
"1106",5,6.3,0.6,0.3,2.1,12.8,3.4,"1"
"1107",6,8.2,0.2,0.4,1.9,12.3,3.2,"1"
"1108",7,9.1,0.3,0.4,2,11.7,3.3,"1"
"1109",5,8.1,0.8,0.1,2.13642908567315,9.5,3.4,"1"
"1110",6,10.8,0.5,0.4,2.1,10.8,3.2,"1"
"1111",6,8.3,0.5,0,1.4,10,3.2,"1"
"1112",7,5.4,0.4,0.3,2,12.3,3.30847896440129,"1"
"1113",6,7.9,0.3,0.4,1.5,11,3.3,"1"
"1114",6,8.9,0.2,0.4,1.6,9.5,3.1,"1"
"1115",6,5,0.4,0.5,2.13642908567315,10.3794676806084,3.5,"1"
"1116",6,7,0.7,0.1,2.5,11.3,3.4,"1"
"1117",6,7,0.7,0.1,2.5,11.3,3.4,"1"
"1118",6,7,0.7,0.1,2.5,11.3,3.4,"1"
"1119",6,7.1,0.4,0.1,2.1,10.3794676806084,3.3,"1"
"1120",5,5.6,0.7,0,2.5,12.9,3.5,"1"
"1121",8,7.9,0.5,0.3,2.5,13.1,3.2,"1"
"1122",6,6.6,0.5,0,1.8,12.3,3.4,"1"
"1123",6,6.3,0.5,0,1.4,12.3,3.5,"1"
"1124",6,10.7,0.4,0.4,1.9,11.2,3.1,"1"
"1125",4,6.5,0.6,0,2.2,11.5,3.6,"0"
"1126",7,8.8,0.2,0.3,1.7,11.3,3.1,"1"
"1127",6,5.8,0.3,0.3,1.7,10.3794676806084,3.4,"1"
"1128",6,6.3,0.8,0,2.9,11.5,3.5,"1"
"1129",5,10,0.4,0.3,2.7,10,3.2,"1"
"1130",6,10.5,0.4,0.3,2.13642908567315,10.5,3.2,"1"
"1131",6,9.1,0.6,0,1.9,10.4,3.2,"1"
"1132",5,5.9,0.2,0.2,1.7,9.5,3.3,"1"
"1133",7,7.4,0.4,0.3,1.8,10.3794676806084,3.4,"1"
"1134",7,7.2,0.5,0.1,2.13642908567315,11.2,3.4,"1"
"1135",7,8.5,0.3,0.3,1.7,11.8,3.3,"1"
"1136",6,8,0.2,0.4,1.7,11.9,3.4,"1"
"1137",6,10.4,0.5,0.4,2,11.4,3.2,"1"
"1138",6,10.4,0.5,0.4,2,11.4,3.2,"1"
"1139",5,7.5,0.4,0.1,2.13642908567315,9.1,3.1,"1"
"1140",6,8.2,0.5,0.2,2,9.5,3.3,"1"
"1141",6,7.3,0.4,0.3,1.7,9.5,3.4,"1"
"1142",6,8.2,0.4,0.3,2.5,11,3.3,"1"
"1143",6,6.9,0.4,0.1,2.4,11.4,3.3,"1"
"1144",6,7,0.2,0.3,1.8,10,3.6,"1"
"1145",5,7.3,0.3,0.2,2.3,10.1,3.4,"1"
"1146",6,8.2,0.2,0.4,2.5,10.4,3.5,"1"
"1147",6,7.8,0.5,0.1,1.8,9.8,3.3,"1"
"1148",7,10,0.4,0.4,2.13642908567315,11.8,3.2,"1"
"1149",6,7.8,0.4,0.4,2,11.6,3.4,"1"
"1150",6,10,0.3,0.5,2,12,3.2,"1"
"1151",7,8.2,0.3,0.3,2.8,12.8,3.3,"1"
"1152",6,6.1,0.6,0.2,2.5,12.5,3.5,"1"
"1153",5,8.3,0.6,0.2,2.2,9.8,3.1,"1"
"1154",6,9.6,0.4,0.3,2.1,11.1,3.2,"1"
"1155",6,6.6,0.6,0,2.2,11.4,3.6,"1"
"1156",5,8.3,0.6,0.2,2.2,9.8,3.1,"1"
"1157",7,8.5,0.2,0.5,1.8,11.8,3.3,"1"
"1158",7,5.1,0.5,0.2,2.1,12.9,3.5,"1"
"1159",6,6.7,0.4,0.4,2.8,10.6,3.4,"1"
"1160",5,10.2,0.4,0.4,2.2,10.8,3.2,"1"
"1161",7,10.6,0.4,0.6,2.3,11.1,3.1,"1"
"1162",6,8.8,0.4,0.4,1.4,10.2,3.2,"1"
"1163",7,8.5,0.3,0.4,2.3,11.8,3.1,"1"
"1164",5,9,0.8,0.2,1.7,10,3.3,"1"
"1165",5,9,0.8,0.2,1.7,10,3.3,"1"
"1166",5,8.5,0.4,0.5,1.9,9.4,3,"1"
"1167",5,9.9,0.5,0.3,2,10.2,3.30847896440129,"1"
"1168",7,8.2,0.3,0.4,2.5,12.4,3.3,"1"
"1169",6,6.5,0.3,0.3,2.8,12,3.2,"1"
"1170",6,7.6,0.5,0.3,2.3,11.5,3.3,"1"
"1171",6,9.2,0.4,0.3,1.6,10.5,3.2,"1"
"1172",6,7.1,0.6,0,2.2,10.8,3.4,"1"
"1173",6,9.7,0.4,0.5,2.1,12.3,3.3,"1"
"1174",6,7.6,0.4,0.3,1.7,9.5,3.5,"1"
"1175",6,7.6,0.4,0.3,1.7,9.5,3.5,"1"
"1176",6,6.5,0.6,0,2.2,11.5,3.6,"1"
"1177",4,6.5,0.506631648063034,0,2.13642908567315,11.2,3.6,"0"
"1178",7,7.1,0.7,0,2.4,12.7,3.4,"1"
"1179",5,5.6,0.506631648063034,0,2.1,11.4,3.30847896440129,"1"
"1180",6,8.2,0.3,0.3,2.4,11,3.3,"1"
"1181",6,8.2,0.3,0.3,2.4,11,3.3,"1"
"1182",5,9.8,0.4,0.4,1.6,11.4,3.2,"1"
"1183",6,10.2,0.4,0.4,2.5,10.5,3.4,"1"
"1184",5,6.8,0.7,0.1,1.6,9.3,3.3,"1"
"1185",5,6.7,0.6,0.2,2.1,10.9,3.4,"1"
"1186",6,7,0.4,0.3,2,11.9,3.3,"1"
"1187",5,6.6,0.8,0,2.13642908567315,12.2,3.5,"1"
"1188",6,7,0.4,0.3,2,11.9,3.3,"1"
"1189",5,6.7,0.6,0.2,2.1,10.9,3.4,"1"
"1190",4,8.8,0.506631648063034,0,1.8,9.6,3.3,"0"
"1191",6,9.1,0.4,0.6,2.13642908567315,12.5,3.3,"1"
"1192",5,6.5,0.506631648063034,0,2.3,10.8,3.6,"1"
"1193",7,7.2,0.2,0.4,2.5,12.4,3.5,"1"
"1194",5,6.4,0.506631648063034,0,2.3,10.8,3.6,"1"
"1195",6,7,0.7,0.1,1.8,9.5,3.2,"1"
"1196",6,6.2,0.4,0.2,1.8,9.5,3.5,"1"
"1197",6,7.9,0.6,0.2,2.3,9.5,3.2,"1"
"1198",6,7.7,0.6,0.2,1.5,9.8,3.2,"1"
"1199",6,7.7,0.3,0.3,2,10.9,3.1,"1"
"1200",6,7.9,0.6,0.2,2.3,9.5,3.2,"1"
"1201",6,7.7,0.6,0.2,1.5,9.8,3.2,"1"
"1202",7,7.9,0.3,0.4,1.9,11.2,3.3,"1"
"1203",8,8.6,0.4,0.4,1.8,11.7,3.4,"1"
"1204",5,9.9,0.7,0.2,2.13642908567315,9.4,3.1,"1"
"1205",7,7.2,0.4,0.5,2.1,11,3.4,"1"
"1206",7,7.2,0.4,0.5,2.1,11,3.4,"1"
"1207",7,7.2,0.4,0.5,2.1,11,3.4,"1"
"1208",5,9.9,0.7,0.6,1.7,10,3.4,"1"
"1209",7,7.2,0.4,0.5,2.1,11,3.4,"1"
"1210",7,6.2,0.4,0.4,2,11.2,3.5,"1"
"1211",6,6.8,0.7,0,2.1,10.4,3.4,"1"
"1212",5,6.6,0.4,0.1,2.1,9.3,3.3,"1"
"1213",6,6.8,0.7,0,2.1,10.4,3.4,"1"
"1214",6,9.6,0.4,0.4,1.9,10.5,3.1,"1"
"1215",6,10.2,0.3,0.5,1.9,10.4,3.1,"1"
"1216",6,8.8,0.3,0.5,2.1,11.3,3.3,"1"
"1217",6,7.9,0.6,0.3,2,9.5,3.3,"1"
"1218",6,8.2,0.3,0.4,1.9,12,3.2,"1"
"1219",6,8.2,0.4,0.3,1.9,10.6,3.2,"1"
"1220",6,9,0.4,0.4,1.3,10.9,3.2,"1"
"1221",6,10.9,0.3,0.5,1.8,11.5,3.3,"1"
"1222",6,10.9,0.3,0.5,1.8,11.5,3.3,"1"
"1223",6,8.1,0.5,0.2,2.2,9.6,3.3,"1"
"1224",6,10.5,0.4,0.5,2.2,12,3.2,"1"
"1225",6,8.08862590401052,0.4,0.5,2.5,10.3,3.1,"1"
"1226",5,9.2,0.5,0.2,2.6,9.4,3.1,"1"
"1227",5,7.5,0.6,0,2.13642908567315,9.2,3,"1"
"1228",5,9,0.6,0.2,2,9.6,3.3,"1"
"1229",7,5.1,0.4,0,1.8,10.3794676806084,3.30847896440129,"1"
"1230",5,7.6,0.4,0.3,2.1,9.5,3.4,"1"
"1231",6,7.7,0.2,0.3,2.7,11.8,3.4,"1"
"1232",5,7.8,0.8,0,2.6,10.8,3.4,"1"
"1233",5,7.6,0.4,0.3,2.1,9.5,3.4,"1"
"1234",4,10.2,0.2,0.4,2.2,9.3,3.2,"0"
"1235",6,7.1,0.8,0,2.2,12.8,3.4,"1"
"1236",4,6,0.3,0.3,2.13642908567315,11.5,3.3,"0"
"1237",6,7.8,0.6,0,1.7,9.4,3.3,"1"
"1238",6,7.1,0.8,0,2.2,12.8,3.4,"1"
"1239",4,8.1,0.7,0,2.5,9.6,3.4,"0"
"1240",4,6.5,0.7,0,2.13642908567315,11.8,3.5,"0"
"1241",5,7.5,0.6,0.2,1.7,9.3,3.1,"1"
"1242",5,9.8,0.4,0.4,2.5,9.8,3.2,"1"
"1243",6,9,0.4,0.4,2,12.2,3.2,"1"
"1244",5,8.3,0.6,0.2,2.4,9.5,3.4,"1"
"1245",6,5.9,0.3,0.2,2.13642908567315,10.3,3.3,"1"
"1246",5,7.4,0.6,0.2,1.8,10.5,3.5,"1"
"1247",5,7.4,0.7,0.1,1.7,10,3.1,"1"
"1248",5,7.4,0.6,0.2,1.8,10.5,3.5,"1"
"1249",6,6.9,0.4,0.3,2.2,11.1,3.4,"1"
"1250",6,7.1,0.6,0,2.3,10.9,3.4,"1"
"1251",6,7.1,0.6,0,2.3,10.9,3.4,"1"
"1252",5,7.5,0.6,0.1,2.2,9.8,3.3,"1"
"1253",5,7.1,0.7,0,1.8,9.8,3.5,"1"
"1254",5,7.9,0.7,0,1.4,9.5,3.4,"1"
"1255",5,7.8,0.7,0.1,1.9,10.9,3.4,"1"
"1256",5,6.1,0.6,0,2.4,11,3.5,"1"
"1257",5,7.5,0.6,0.2,1.8,9.2,3.1,"1"
"1258",6,7,0.6,0.3,2.13642908567315,11,3.3,"1"
"1259",6,6.8,0.6,0,2.7,11.3,3.4,"1"
"1260",6,6.8,0.6,0,2.7,11.3,3.4,"1"
"1261",5,8.6,0.6,0.7,1.8,9.3,3,"1"
"1262",4,6.3,0.506631648063034,0,2,11.2,3.6,"0"
"1263",5,9.8,0.4,0.4,2.5,9.8,3.1,"1"
"1264",4,8.2,0.8,0,2.2,9.6,3.4,"0"
"1265",6,8.5,0.4,0.3,1.8,11.8,3.4,"1"
"1266",6,7.2,0.6,0,2.3,10.3,3.4,"1"
"1267",6,7.2,0.6,0,2.3,10.3,3.4,"1"
"1268",6,10.4,0.4,0.5,2.3,11.4,3.1,"1"
"1269",6,6.9,0.4,0.3,2,9.5,3.5,"1"
"1270",8,5.5,0.5,0,1.8,10.3794676806084,3.5,"1"
"1271",6,5,0.4,0,1.6,10.3794676806084,3.30847896440129,"1"
"1272",6,7.3,0.4,0.2,1.6,11.7,3.4,"1"
"1273",5,5.9,0.5,0,1.9,11.2,3.5,"1"
"1274",5,7.5,0.6,0.2,2,9.3,3.1,"1"
"1275",6,7.8,0.6,0.1,2.1,11.2,3.2,"1"
"1276",6,8,0.7,0.2,2.3,9.5,3.2,"1"
"1277",4,8.5,0.4,0.4,2.13642908567315,12,3.3,"0"
"1278",6,7,0.7,0,1.9,9.7,3.4,"1"
"1279",6,8,0.7,0.2,2.3,9.5,3.2,"1"
"1280",7,9.8,0.3,0.4,1.7,11.5,3.1,"1"
"1281",6,7.1,0.5,0.2,1.9,10.4,3.4,"1"
"1282",6,7.1,0.5,0.2,1.9,10.4,3.4,"1"
"1283",6,7.9,0.8,0,2,10.9,3.3,"1"
"1284",6,8.7,0.6,0.3,2.7,10.2,3.3,"1"
"1285",5,7,0.4,0.2,2.3,10.9,3.4,"1"
"1286",5,11.3,0.4,0.5,1.8,10.5,3.1,"1"
"1287",6,7.1,0.2,0.4,2.5,12.4,3.4,"1"
"1288",5,8,0.6,0.1,2.6,13,3.2,"1"
"1289",5,7,0.6,0.3,2.13642908567315,10.2,3.3,"1"
"1290",5,7,0.6,0.3,2.13642908567315,10.2,3.3,"1"
"1291",5,7.6,0.7,0,1.9,11,3.4,"1"
"1292",6,8.2,0.6,0.1,2.1,10.9,3.3,"1"
"1293",6,5.9,0.4,0.1,2.4,12.4,3.6,"1"
"1294",4,7.5,0.8,0,1.9,9.7,3.3,"0"
"1295",6,8.2,0.6,0.1,2.1,10.9,3.3,"1"
"1296",5,6.6,0.6,0,2.13642908567315,9.5,3.2,"1"
"1297",5,6.6,0.6,0,2.13642908567315,9.5,3.2,"1"
"1298",6,7.2,0.5,0.1,2.1,12.1,3.4,"1"
"1299",6,5.7,0.6,0,1.4,12.2,3.5,"1"
"1300",3,7.6,0.506631648063034,0,2.1,10.9,3.5,"0"
"1301",6,5.2,0.6,0,2.1,12.5,3.30847896440129,"1"
"1302",6,6.7,0.506631648063034,0.1,2,11.7,3.6,"1"
"1303",6,9.1,0.4,0.3,2.1,11.2,3.3,"1"
"1304",5,8,0.3,0.4,1.8,11.2,3.4,"1"
"1305",5,7.6,0.8,0.2,2.3,9.2,3.1,"1"
"1306",5,7.5,0.6,0.3,1.9,9.8,3.3,"1"
"1307",5,9.7,0.7,0.3,2.5,10.1,3.3,"1"
"1308",4,6.8,0.7,0.1,2.13642908567315,11.1,3.4,"0"
"1309",5,9.7,0.7,0.3,2.5,10.1,3.3,"1"
"1310",5,7,0.6,0.1,1.4,9.2,3.3,"1"
"1311",5,7.5,0.6,0.3,1.9,9.8,3.3,"1"
"1312",6,6.5,0.5,0.1,3,12.8,3.3,"1"
"1313",5,8,0.506631648063034,0.2,1.9,10.5,3.3,"1"
"1314",6,7,0.4,0.2,2.3,10.1,3.4,"1"
"1315",6,7,0.4,0.2,2.4,10.1,3.4,"1"
"1316",6,7.5,0.6,0.3,2,9.8,3.3,"1"
"1317",6,5.4,0.7,0,1.2,12.5,3.30847896440129,"1"
"1318",6,9.9,0.4,0.5,2.2,11.9,3.2,"1"
"1319",6,7.5,0.6,0.3,2,9.8,3.3,"1"
"1320",6,9.1,0.8,0.7,1.7,9.1,3.30847896440129,"1"
"1321",5,9.7,0.7,0.3,2.6,10.1,3.3,"1"
"1322",6,5,0.7,0,1.2,12.5,3.30847896440129,"1"
"1323",5,9.1,0.3,0.4,1.8,11.4,3.2,"1"
"1324",7,9.1,0.4,0.4,1.8,11,3.2,"1"
"1325",6,6.7,0.5,0.2,1.7,10.6,3.4,"1"
"1326",6,6.7,0.5,0.2,1.7,10.6,3.4,"1"
"1327",6,6.7,0.5,0.2,1.7,10.6,3.4,"1"
"1328",6,6.7,0.5,0.2,1.7,10.6,3.4,"1"
"1329",5,6.5,0.5,0.1,1.8,9.3,3.3,"1"
"1330",6,7.4,0.6,0.3,2.1,9.8,3.3,"1"
"1331",6,7.4,0.6,0.3,2.1,9.8,3.3,"1"
"1332",5,7.8,0.506631648063034,0.3,2.13642908567315,9.2,3.3,"1"
"1333",6,8.4,0.4,0.1,1.7,9.7,3.1,"1"
"1334",5,9.1,0.8,0.2,2.2,9.6,3.2,"1"
"1335",5,7.2,0.8,0,2,10,3.4,"1"
"1336",6,6.6,0.6,0,2.4,12.6,3.4,"1"
"1337",5,6,0.5,0,1.4,9.5,3.4,"1"
"1338",5,6,0.5,0,1.4,9.5,3.4,"1"
"1339",5,6,0.5,0,1.4,9.5,3.4,"1"
"1340",6,7.5,0.5,0,1.7,10.5,3.4,"1"
"1341",6,7.5,0.5,0,1.7,10.5,3.4,"1"
"1342",6,7.5,0.5,0,1.7,10.5,3.4,"1"
"1343",6,7.6,0.5,0,1.7,10.4,3.4,"1"
"1344",6,7.5,0.5,0,1.7,10.5,3.4,"1"
"1345",5,11.5,0.4,0.5,2.6,11,3.1,"1"
"1346",6,8.2,0.4,0.2,2.3,10.2,3.2,"1"
"1347",5,6.1,0.6,0,2.1,11.4,3.5,"1"
"1348",5,7.2,0.7,0,1.8,9.5,3.3,"1"
"1349",5,7.2,0.7,0,1.8,9.5,3.3,"1"
"1350",5,6.9,0.6,0,2.8,10.8,3.4,"1"
"1351",5,9,0.6,0.3,2,10,3.3,"1"
"1352",6,7.2,0.6,0,2.3,11.8,3.3,"1"
"1353",5,7.6,0.6,0,1.9,10.3,3.4,"1"
"1354",5,7.6,0.6,0,1.9,10.3,3.4,"1"
"1355",5,7.2,0.6,0,2.3,10,3.4,"1"
"1356",5,6.1,0.3,0.2,1.8,10.1,3.4,"1"
"1357",5,6.1,0.3,0.2,1.8,10.1,3.4,"1"
"1358",6,7.3,0.4,0.2,2.5,11.1,3.6,"1"
"1359",5,7.4,0.6,0.2,2.13642908567315,9.5,3.3,"1"
"1360",6,11.6,0.5,0.4,1.4,10,3.1,"1"
"1361",5,9.2,0.5,0.3,2.3,10.9,3.2,"1"
"1362",5,8.3,0.8,0.1,2.5,10.1,3.4,"1"
"1363",6,11.6,0.5,0.4,1.4,10,3.1,"1"
"1364",4,8,0.8,0.3,2,9.8,3.3,"0"
"1365",6,7.2,0.6,0,1.9,11.8,3.5,"1"
"1366",5,7.8,0.5,0.1,2.2,9.5,3.2,"1"
"1367",5,7.3,0.7,0.1,1.7,9.8,3.2,"1"
"1368",6,6.9,0.5,0.3,2.2,10.5,3.2,"1"
"1369",6,8,0.8,0.3,2.1,9.8,3.3,"1"
"1370",4,6.6,0.6,0,1.6,10.4,3.3,"0"
"1371",5,8.7,0.8,0.5,1.7,9.2,3,"1"
"1372",6,7.5,0.6,0.6,3.1,11.6,3.2,"1"
"1373",5,8.7,0.8,0.5,1.7,9.2,3,"1"
"1374",5,7.7,0.8,0.3,2.13642908567315,9.3,3.2,"1"
"1375",3,6.8,0.8,0,1.2,9.8,3.3,"0"
"1376",5,7.2,0.6,0.3,2,9.9,3.3,"1"
"1377",5,8.2,0.506631648063034,0.2,1.4,10,3.1,"1"
"1378",6,5.2,0.5,0.3,2.3,12.2,3.30847896440129,"1"
"1379",6,7.2,0.4,0.1,2,9.9,3.3,"1"
"1380",6,7.5,0.6,0,2.6,10.8,3.4,"1"
"1381",6,7.5,0.6,0,2.6,10.8,3.4,"1"
"1382",5,6.8,0.8,0.1,1.8,9.6,3.4,"1"
"1383",5,8,0.6,0.2,2.1,9.9,3.3,"1"
"1384",5,8,0.6,0.2,2.1,9.9,3.3,"1"
"1385",5,7.1,0.8,0.1,1.8,9.5,3.2,"1"
"1386",5,8,0.8,0.2,2.13642908567315,9.2,3.2,"1"
"1387",5,7.4,0.6,0.1,1.8,9.6,3.3,"1"
"1388",5,7.4,0.6,0.1,1.8,9.6,3.3,"1"
"1389",5,6.6,0.6,0.3,2.13642908567315,10.3,3.4,"1"
"1390",5,6.7,0.5,0,2.2,9.7,3.1,"1"
"1391",6,6,0.5,0,2.3,12.5,3.6,"1"
"1392",5,8,0.6,0.2,2.4,11,3.4,"1"
"1393",5,7.1,0.6,0.1,1.3,9.8,3.2,"1"
"1394",5,8,0.5,0.2,2,10.2,3.3,"1"
"1395",5,6.4,0.6,0.1,2.13642908567315,9.2,3.3,"1"
"1396",6,8.6,0.7,0.1,1.6,9.6,3.3,"1"
"1397",5,8.7,0.7,0.1,1.6,9.6,3.3,"1"
"1398",5,7.3,0.6,0.3,2,9.9,3.3,"1"
"1399",7,7,0.6,0.1,2.2,10.2,3.5,"1"
"1400",6,7.2,0.7,0,2.2,11.1,3.4,"1"
"1401",5,7.9,0.7,0.2,2.1,9.9,3.2,"1"
"1402",5,7.9,0.7,0.2,2.1,9.9,3.2,"1"
"1403",6,7.6,0.3,0.4,2,11.9,3.4,"1"
"1404",8,7.2,0.3,0.3,1.7,10,3.2,"1"
"1405",6,8,0.5,0.4,2.6,10.7,3.4,"1"
"1406",7,7.7,0.3,0.3,2,11.3,3.3,"1"
"1407",6,8.2,0.2,0.3,2.13642908567315,10.9,3.2,"1"
"1408",6,6,0.5,0,2.1,10.7,3.5,"1"
"1409",7,8.1,0.3,0.4,2.2,12.4,3.3,"1"
"1410",6,6,0.5,0,2.1,10.7,3.5,"1"
"1411",6,6.6,0.506631648063034,0,1.8,11.9,3.5,"1"
"1412",6,6.4,0.5,0.4,2.4,10.6,3.6,"1"
"1413",6,8.2,0.2,0.3,2.13642908567315,10.9,3.2,"1"
"1414",5,9.9,0.6,0.2,2,10.1,3,"1"
"1415",5,10,0.3,0.6,2.2,9.6,3.2,"1"
"1416",5,6.2,0.6,0,1.6,9.4,3.6,"1"
"1417",5,10,0.3,0.6,2.2,9.6,3.2,"1"
"1418",7,7.3,0.3,0.3,2.5,12.1,3.4,"1"
"1419",5,7.8,0.5,0,1.6,9.8,3.2,"1"
"1420",5,7.7,0.6,0.2,2.2,9.9,3.3,"1"
"1421",5,7.8,0.5,0,1.6,9.8,3.2,"1"
"1422",5,7.5,0.4,0.2,1.6,9.4,3.3,"1"
"1423",6,7,0.5,0,2.1,11.4,3.4,"1"
"1424",4,6.4,0.5,0.1,2.13642908567315,11,3.5,"0"
"1425",6,8.3,0.3,0.4,1.4,9.6,3.3,"1"
"1426",6,8.3,0.3,0.4,1.4,9.6,3.3,"1"
"1427",6,7.7,0.2,0.4,1.8,12.1,3.4,"1"
"1428",5,7.6,0.4,0.3,2.5,11.2,3.3,"1"
"1429",5,7.8,0.6,0,1.9,11,3.3,"1"
"1430",5,7.9,0.2,0.4,2.2,11.3,3.3,"1"
"1431",5,7.4,0.4,0.2,1.8,10.4,3.4,"1"
"1432",6,7.6,0.4,0.3,2.1,9.9,3.3,"1"
"1433",6,5.9,0.4,0,1.6,11.7,3.5,"1"
"1434",7,6.1,0.4,0.2,1.8,10.1,3.4,"1"
"1435",6,10.2,0.5,0.4,2.13642908567315,9,3.2,"1"
"1436",6,10.2,0.5,0.4,2.13642908567315,9,3.2,"1"
"1437",5,10,0.4,0.4,1.6,8.5,3.1,"1"
"1438",5,6.8,0.506631648063034,0.3,2.13642908567315,11.1,3.5,"1"
"1439",5,7,0.6,0,1.7,10.3,3.4,"1"
"1440",6,7.3,0.7,0,2.2,11.1,3.3,"1"
"1441",7,7.2,0.4,0.3,2,11.3,3.2,"1"
"1442",6,7.4,0.8,0.2,2.13642908567315,9.6,3.2,"1"
"1443",5,6.9,0.6,0,1.9,9.8,3.4,"1"
"1444",5,6.9,0.6,0.2,1.8,11.7,3.4,"1"
"1445",6,7.3,0.7,0,2.2,11.1,3.3,"1"
"1446",6,7.4,0.8,0.2,2.13642908567315,9.6,3.2,"1"
"1447",5,6.9,0.6,0,1.9,9.8,3.4,"1"
"1448",5,6.8,0.7,0,1.9,9.7,3.4,"1"
"1449",5,6.9,0.6,0,1.9,9.7,3.4,"1"
"1450",8,7.2,0.4,0.3,2,11.3,3.2,"1"
"1451",7,7.2,0.4,0.3,2,11.3,3.2,"1"
"1452",7,7.8,0.3,0.4,2.7,11,3.3,"1"
"1453",7,6.6,0.6,0,2,11.6,3.4,"1"
"1454",5,7.6,0.5,0.3,1.9,9,3.4,"1"
"1455",6,11.7,0.4,0.6,2.2,10.9,3.2,"1"
"1456",6,6.5,0.506631648063034,0,1.6,10.9,3.5,"1"
"1457",6,6,0.5,0.1,1.8,10.6,3.3,"1"
"1458",5,7.6,0.5,0.3,1.9,9,3.4,"1"
"1459",5,8.4,0.3,0.4,1.7,10.5,3.4,"1"
"1460",7,7.9,0.2,0.3,1.7,11.9,3.3,"1"
"1461",6,6.4,0.4,0.1,2.3,10.4,3.4,"1"
"1462",4,6.2,0.8,0,2.1,10,3.6,"0"
"1463",6,6.8,0.6,0,2.3,10.4,3.4,"1"
"1464",6,6.9,0.6,0,2.4,10.8,3.3,"1"
"1465",5,6.8,0.6,0.1,1.7,9.7,3.4,"1"
"1466",5,6.8,0.6,0.1,1.7,9.7,3.4,"1"
"1467",7,7.3,0.5,0.3,2.1,10,3.3,"1"
"1468",4,6.7,0.506631648063034,0.1,2.3,11,3.5,"0"
"1469",7,7.3,0.5,0.3,2.1,10,3.3,"1"
"1470",3,7.3,0.506631648063034,0,2.1,9.7,3.3,"0"
"1471",5,10,0.7,0.1,1.4,9.7,3.30847896440129,"1"
"1472",5,6.7,0.7,0.1,2.13642908567315,12.6,3.4,"1"
"1473",6,7.6,0.3,0.6,2.6,11.1,3.4,"1"
"1474",5,6.1,0.6,0.1,1.8,11,3.4,"1"
"1475",5,9.9,0.5,0.5,2.13642908567315,8.8,3.2,"1"
"1476",7,5.3,0.5,0.1,2.2,10.3794676806084,3.5,"1"
"1477",5,9.9,0.5,0.5,2.13642908567315,8.8,3.2,"1"
"1478",7,5.3,0.5,0.1,2.2,10.3794676806084,3.5,"1"
"1479",3,7.1,0.506631648063034,0,2.13642908567315,10.2,3.4,"0"
"1480",5,8.2,0.3,0.6,3,10.6,3.4,"1"
"1481",4,5.6,0.6,0,1.5,10.1,3.30847896440129,"0"
"1482",5,8.2,0.3,0.6,3,10.6,3.4,"1"
"1483",4,7.2,0.6,0.5,2.1,10.3,3.3,"0"
"1484",5,8.1,0.3,0.4,1.5,10.7,3.4,"1"
"1485",4,6.8,0.506631648063034,0.1,2,10.9,3.5,"0"
"1486",5,7,0.7,0.2,2.1,9.7,3.4,"1"
"1487",5,6.8,0.7,0.2,2.1,10.3,3.4,"1"
"1488",5,6,0.6,0,1.9,10.6,3.5,"1"
"1489",5,5.6,0.5,0,1.7,11.4,3.30847896440129,"1"
"1490",6,6.2,0.6,0.1,2.1,10.8,3.4,"1"
"1491",6,7.1,0.2,0.5,1.8,12.4,3.4,"1"
"1492",5,5.6,0.5,0,1.7,11.4,3.30847896440129,"1"
"1493",5,6.2,0.7,0.1,1.6,11.9,3.6,"1"
"1494",5,7.7,0.5,0.3,1.9,9.7,3.3,"1"
"1495",7,6.4,0.3,0.1,1.4,10,3.4,"1"
"1496",6,7,0.4,0,1.9,10.6,3.4,"1"
"1497",5,7.7,0.5,0.3,1.9,9.7,3.3,"1"
"1498",6,6.9,0.7,0,2.3,11.5,3.5,"1"
"1499",6,6.6,0.506631648063034,0,2.3,10.8,3.5,"1"
"1500",6,6.9,0.7,0,2.3,11.5,3.5,"1"
"1501",5,7.5,0.7,0,1.5,9.6,3.3,"1"
"1502",5,7.8,0.8,0.3,2.13642908567315,9.4,3.2,"1"
"1503",5,7.3,0.6,0.2,2.4,9.8,3.3,"1"
"1504",6,6.2,0.4,0.4,2.5,11,3.5,"1"
"1505",6,7.5,0.4,0.6,2.3,11.4,3.4,"1"
"1506",3,6.7,0.8,0,1.8,9.9,3.5,"0"
"1507",6,6.8,0.8,0,2,10.8,3.5,"1"
"1508",6,7.5,0.4,0.6,2.3,11.4,3.4,"1"
"1509",6,7.1,0.3,0.6,2.1,10.6,3.4,"1"
"1510",5,7.9,0.2,0.4,1.8,11.1,3.3,"1"
"1511",6,6.4,0.4,0.2,2.2,9.7,3.5,"1"
"1512",5,7.1,0.7,0,2.1,9.8,3.4,"1"
"1513",6,6.4,0.8,0,2.2,10.4,3.5,"1"
"1514",6,6.4,0.6,0.1,1.8,10.5,3.3,"1"
"1515",6,6.9,0.8,0.2,2.13642908567315,9.2,3.5,"1"
"1516",6,6.9,0.8,0.2,2.13642908567315,9.2,3.5,"1"
"1517",5,6.1,0.3,0.2,2.3,10.6,3.4,"1"
"1518",6,6.5,0.5,0.1,2,10.3,3.4,"1"
"1519",5,7.4,0.5,0.5,2.2,10.5,3.3,"1"
"1520",5,6.6,0.7,0.1,2.6,10.2,3.4,"1"
"1521",6,6.5,0.5,0.1,2,10.3,3.4,"1"
"1522",4,6.9,0.5,0.2,1.9,9.1,3.4,"0"
"1523",5,6.1,0.3,0.2,2.3,10.6,3.4,"1"
"1524",5,6.8,0.5,0.2,2,10.4,3.3,"1"
"1525",6,6,0.4,0.2,2,10,3.4,"1"
"1526",5,6.7,0.5,0.1,2.1,9.7,3.3,"1"
"1527",6,6.8,0.5,0.1,2.2,9.6,3.3,"1"
"1528",6,7.1,0.5,0.1,1.7,10.8,3.3,"1"
"1529",6,7.9,0.3,0.5,2.2,10.1,3.3,"1"
"1530",6,7.1,0.7,0.1,2.1,10.2,3.4,"1"
"1531",6,6.6,0.4,0.1,2.2,11.3,3.4,"1"
"1532",5,6.1,0.7,0.1,2.8,10.2,3.6,"1"
"1533",6,7.2,0.5,0.1,2,9.9,3.2,"1"
"1534",5,8,0.4,0.3,1.9,9,3.4,"1"
"1535",7,6.6,0.6,0.1,2.4,11.7,3.4,"1"
"1536",6,7,0.6,0.1,2.2,9.7,3.4,"1"
"1537",6,6.1,0.5,0.1,1.9,10.3,3.6,"1"
"1538",6,5.4,0.6,0.1,1.9,10.2,3.5,"1"
"1539",5,6.2,0.6,0.1,2.5,12,3.6,"1"
"1540",5,7.2,0.4,0.3,1.8,9.9,3.5,"1"
"1541",6,6.2,0.5,0.1,2.13642908567315,11.6,3.6,"1"
"1542",7,7.4,0.2,0.3,2.2,10.9,3.4,"1"
"1543",6,6.7,0.506631648063034,0,1.9,10.8,3.3,"1"
"1544",6,11.1,0.4,0.4,2.2,10.4,3.2,"1"
"1545",7,8.4,0.4,0.4,2.3,11.2,3.2,"1"
"1546",6,6.5,0.6,0.3,1.8,10.1,3.4,"1"
"1547",5,7,0.6,0,2,10.2,3.4,"1"
"1548",5,6.3,0.6,0.1,1.6,12.1,3.5,"1"
"1549",5,11.2,0.4,0.5,2,10.4,3.1,"1"
"1550",8,7.4,0.4,0.3,1.8,11.4,3.2,"1"
"1551",5,7.1,0.7,0,2.3,9.5,3.5,"1"
"1552",5,7.1,0.7,0,2.3,9.4,3.4,"1"
"1553",6,6.3,0.7,0,2.13642908567315,11.3,3.5,"1"
"1554",5,7.3,0.7,0,2.2,9.4,3.4,"1"
"1555",6,6.6,0.506631648063034,0,2.4,11,3.5,"1"
"1556",7,7,0.6,0.2,1.7,10.6,3.4,"1"
"1557",5,6.6,0.506631648063034,0,2.2,9.9,3.5,"1"
"1558",6,6.6,0.506631648063034,0,2.4,11,3.5,"1"
"1559",5,6.9,0.6,0.3,2.13642908567315,9.5,3.2,"1"
"1560",5,7.8,0.6,0.3,2,9.9,3.2,"1"
"1561",5,7.8,0.6,0.3,2,9.9,3.2,"1"
"1562",5,7.8,0.6,0.3,2,9.9,3.2,"1"
"1563",5,7.2,0.7,0.1,2,10.1,3.3,"1"
"1564",5,7.2,0.7,0.1,2,10.1,3.3,"1"
"1565",5,7.2,0.7,0.1,2,10.1,3.3,"1"
"1566",6,6.7,0.7,0,1.9,10.9,3.4,"1"
"1567",6,6.7,0.2,0.6,2.1,11.2,3.3,"1"
"1568",5,7.2,0.7,0.1,2,10.1,3.3,"1"
"1569",5,7,0.6,0.1,1.6,9.2,3.3,"1"
"1570",6,6.2,0.5,0.1,1.9,11.5,3.5,"1"
"1571",6,6.4,0.4,0.5,2.2,12.4,3.4,"1"
"1572",6,6.4,0.4,0.1,2.2,11.1,3.4,"1"
"1573",5,7.3,0.7,0.3,2.2,9.5,3.3,"1"
"1574",6,6,0.6,0.2,2.4,12.5,3.6,"1"
"1575",6,5.6,0.3,0.8,2.13642908567315,10.5,3.4,"1"
"1576",6,7.5,0.5,0.4,2.2,11.8,3.3,"1"
"1577",6,8,0.3,0.6,1.6,10.8,3.3,"1"
"1578",6,6.2,0.7,0.1,2.13642908567315,11.9,3.5,"1"
"1579",6,6.8,0.7,0.1,1.8,11.3,3.4,"1"
"1580",5,6.2,0.6,0.1,1.7,11.3,3.5,"1"
"1581",6,7.4,0.3,0.3,2.4,11.9,3.4,"1"
"1582",5,6.2,0.6,0.1,1.7,11.3,3.5,"1"
"1583",5,6.1,0.7,0.1,2.6,11.9,3.6,"1"
"1584",5,6.2,0.5,0.3,2.1,9.8,3.3,"1"
"1585",7,6.7,0.3,0.4,2.4,11.6,3.3,"1"
"1586",6,7.2,0.4,0.4,2.6,11.5,3.3,"1"
"1587",6,7.5,0.3,0.4,2.4,11.4,3.3,"1"
"1588",6,5.8,0.6,0.1,1.8,10.9,3.5,"1"
"1589",6,7.2,0.7,0.3,2.5,12.8,3.3,"1"
"1590",5,6.6,0.7,0.2,2.13642908567315,9.2,3.3,"1"
"1591",6,6.3,0.6,0.1,1.8,11.6,3.3,"1"
"1592",6,5.4,0.7,0.1,1.7,11.6,3.30847896440129,"1"
"1593",6,6.3,0.5,0.1,2.3,11,3.4,"1"
"1594",6,6.8,0.6,0.1,1.9,9.5,3.4,"1"
"1595",5,6.2,0.6,0.1,2,10.5,3.5,"1"
"1596",6,5.9,0.6,0.1,2.2,11.2,3.5,"1"
"1597",6,6.3,0.5,0.1,2.3,11,3.4,"1"
"1598",5,5.9,0.6,0.1,2,10.2,3.6,"1"
"1599",6,6,0.3,0.5,2.13642908567315,11,3.4,"1"
